-- phpMyAdmin SQL Dump
-- version 5.2.1
-- https://www.phpmyadmin.net/
--
-- Host: 127.0.0.1
-- Erstellungszeit: 26. Feb 2025 um 10:30
-- Server-Version: 10.4.32-MariaDB
-- PHP-Version: 8.2.12

SET SQL_MODE = "NO_AUTO_VALUE_ON_ZERO";
START TRANSACTION;
SET time_zone = "+00:00";


/*!40101 SET @OLD_CHARACTER_SET_CLIENT=@@CHARACTER_SET_CLIENT */;
/*!40101 SET @OLD_CHARACTER_SET_RESULTS=@@CHARACTER_SET_RESULTS */;
/*!40101 SET @OLD_COLLATION_CONNECTION=@@COLLATION_CONNECTION */;
/*!40101 SET NAMES utf8mb4 */;

--
-- Datenbank: `quiz`
--

-- --------------------------------------------------------

--
-- Tabellenstruktur für Tabelle `categories`
--

CREATE TABLE `categories` (
  `id` int(11) NOT NULL,
  `category` varchar(100) NOT NULL
) ENGINE=InnoDB DEFAULT CHARSET=utf8mb4 COLLATE=utf8mb4_general_ci;

--
-- Daten für Tabelle `categories`
--

INSERT INTO `categories` (`id`, `category`) VALUES
(1, 'Softwareentwicklung'),
(2, 'Allgemeinwissen'),
(3, 'Betriebswirtschaftslehre'),
(4, 'IT-Systeme'),
(5, 'Datenbanken'),
(6, 'Wissenschaft');

-- --------------------------------------------------------

--
-- Tabellenstruktur für Tabelle `difficulties`
--

CREATE TABLE `difficulties` (
  `id` int(11) NOT NULL,
  `difficulty` varchar(100) NOT NULL
) ENGINE=InnoDB DEFAULT CHARSET=utf8mb4 COLLATE=utf8mb4_general_ci;

--
-- Daten für Tabelle `difficulties`
--

INSERT INTO `difficulties` (`id`, `difficulty`) VALUES
(1, 'Einfach'),
(2, 'Mittel'),
(3, 'Schwer');

-- --------------------------------------------------------

--
-- Tabellenstruktur für Tabelle `options`
--

CREATE TABLE `options` (
  `id` int(11) NOT NULL,
  `option_text` varchar(255) NOT NULL,
  `is_correct` tinyint(1) NOT NULL,
  `question_id` int(11) DEFAULT NULL
) ENGINE=InnoDB DEFAULT CHARSET=utf8mb4 COLLATE=utf8mb4_general_ci;

--
-- Daten für Tabelle `options`
--

INSERT INTO `options` (`id`, `option_text`, `is_correct`, `question_id`) VALUES
(1, 'HyperText Markup Language', 1, 1),
(2, 'High Tech Machine Learning', 0, 1),
(3, 'Hyper Transfer Main Link', 0, 1),
(4, 'Home Tool Management Library', 0, 1),
(5, 'Python', 0, 2),
(6, 'Java', 1, 2),
(7, 'JavaScript', 1, 2),
(8, 'C++', 0, 2),
(9, 'Eine Speicherstelle für Werte', 1, 3),
(10, 'Eine Funktion', 0, 3),
(11, 'Ein Codeblock', 0, 3),
(12, 'Ein Betriebssystem', 0, 3),
(13, '.html', 1, 4),
(14, '.css', 0, 4),
(15, '.js', 0, 4),
(16, '.php', 0, 4),
(17, 'Python', 1, 5),
(18, 'C#', 0, 5),
(19, 'Ruby', 0, 5),
(20, 'Go', 0, 5),
(21, 'Eine Stylesheet-Sprache', 1, 6),
(22, 'Ein Datenbank-Management-System', 0, 6),
(23, 'Eine Cloud-Technologie', 0, 6),
(24, 'Ein Betriebssystem', 0, 6),
(25, '&lt;div&gt;', 1, 7),
(26, '&lt;loop&gt;', 0, 7),
(27, '&lt;function&gt;', 0, 7),
(28, '&lt;script&gt;', 1, 7),
(29, 'Der Quellcode ist öffentlich zugänglich', 1, 8),
(30, 'Nur Firmen dürfen den Code sehen', 0, 8),
(31, 'Der Code ist geheim', 0, 8),
(32, 'Nur mit Lizenz nutzbar', 0, 8),
(33, 'C++', 1, 9),
(34, 'Python', 0, 9),
(35, 'JavaScript', 0, 9),
(36, 'HTML', 0, 9),
(37, 'Swift', 1, 10),
(38, 'Java', 0, 10),
(39, 'Kotlin', 0, 10),
(40, 'C++', 0, 10),
(41, 'Eine Reihe von Anweisungen ausführen', 1, 11),
(42, 'Einen Computer starten', 0, 11),
(43, 'Daten speichern', 0, 11),
(44, 'Software installieren', 0, 11),
(45, 'Netscape', 1, 12),
(46, 'Microsoft', 0, 12),
(47, 'Google', 0, 12),
(48, 'IBM', 0, 12),
(49, 'Eine wiederholende Code-Struktur', 1, 13),
(50, 'Eine Funktion', 0, 13),
(51, 'Ein Fehler', 0, 13),
(52, 'Ein GUI-Element', 0, 13),
(53, 'MySQL', 1, 14),
(54, 'MongoDB', 0, 14),
(55, 'Redis', 0, 14),
(56, 'Cassandra', 0, 14),
(57, 'Ein Versionskontrollsystem', 1, 15),
(58, 'Ein Webbrowser', 0, 15),
(59, 'Ein Compiler', 0, 15),
(60, 'Ein Cloud-Speicher', 0, 15),
(61, 'map()', 1, 16),
(62, 'fetch()', 0, 16),
(63, 'connect()', 0, 16),
(64, 'save()', 0, 16),
(65, 'Ein Schnittstellen-Mechanismus', 1, 17),
(66, 'Ein Hardware-Bauteil', 0, 17),
(67, 'Eine Programmiersprache', 0, 17),
(68, 'Ein Betriebssystem', 0, 17),
(69, 'HTML', 1, 18),
(70, 'Python', 0, 18),
(71, 'Java', 0, 18),
(72, 'C++', 0, 18),
(73, 'Python', 1, 19),
(74, 'Java', 0, 19),
(75, 'C#', 0, 19),
(76, 'Ruby', 0, 19),
(77, 'Vererbung', 1, 20),
(78, 'Betriebssystem', 0, 20),
(79, 'Netzwerk', 0, 20),
(80, 'Datenbank', 0, 20),
(81, 'Python', 0, 21),
(82, 'HTML', 1, 21),
(83, 'Java', 0, 21),
(84, 'C++', 0, 21),
(85, 'Webdesign', 0, 22),
(86, 'Datenbankverwaltung', 1, 22),
(87, 'Betriebssystemverwaltung', 0, 22),
(88, 'Netzwerkprotokollierung', 0, 22),
(89, 'C', 0, 23),
(90, 'C++', 0, 23),
(91, 'Java', 0, 23),
(92, 'Python', 1, 23),
(93, 'HTTPS ist schneller', 0, 24),
(94, 'HTTPS ist sicherer', 1, 24),
(95, 'HTTP ist sicherer', 0, 24),
(96, 'Es gibt keinen Unterschied', 0, 24),
(97, 'setTimeout()', 1, 25),
(98, 'sleep()', 0, 25),
(99, 'wait()', 0, 25),
(100, 'pause()', 0, 25),
(101, 'Ein Tool zur Fehlerbehebung', 0, 26),
(102, 'Ein Tool zur Code-Übersetzung', 1, 26),
(103, 'Ein Tool zur Speicherverwaltung', 0, 26),
(104, 'Ein Tool zur Code-Verschlüsselung', 0, 26),
(105, 'Vererbung', 0, 27),
(106, 'Rekursion', 1, 27),
(107, 'Polymorphismus', 0, 27),
(108, 'Threads', 0, 27),
(109, 'Eine Sammlung von Tools und Bibliotheken', 1, 28),
(110, 'Ein neuer Programmierstil', 0, 28),
(111, 'Ein Betriebssystem', 0, 28),
(112, 'Eine Programmiersprache', 0, 28),
(113, 'Kapselung', 1, 29),
(114, 'Multi-Threading', 0, 29),
(115, 'Lambda-Funktionen', 0, 29),
(116, 'REST-APIs', 0, 29),
(117, 'Do Repeat Yourself', 0, 30),
(118, 'Don\'t Repeat Yourself', 1, 30),
(119, 'Data Redundancy Yield', 0, 30),
(120, 'Dynamic Resource Yields', 0, 30),
(121, 'Eine Datenstruktur', 1, 31),
(122, 'Ein Betriebssystem', 0, 31),
(123, 'Eine Programmiersprache', 0, 31),
(124, 'Ein Compiler', 0, 31),
(125, 'Vererbung', 0, 32),
(126, 'Polymorphismus', 0, 32),
(127, 'Kapselung', 0, 32),
(128, 'Quicksort', 1, 32),
(129, 'MySQL', 0, 33),
(130, 'PostgreSQL', 0, 33),
(131, 'MongoDB', 1, 33),
(132, 'Oracle', 0, 33),
(133, 'Virtualisierung', 0, 34),
(134, 'Containerisierung', 1, 34),
(135, 'Datenbankverwaltung', 0, 34),
(136, 'Fehlerbehebung', 0, 34),
(137, 'Java', 0, 35),
(138, 'C#', 0, 35),
(139, 'Python', 1, 35),
(140, 'PHP', 0, 35),
(141, 'Bubble Sort', 0, 36),
(142, 'Insertion Sort', 1, 36),
(143, 'Merge Sort', 0, 36),
(144, 'Quick Sort', 0, 36),
(145, 'MVC', 1, 37),
(146, 'API', 0, 37),
(147, 'HTML', 0, 37),
(148, 'JSON', 0, 37),
(149, 'Ein Datenbankformat', 0, 38),
(150, 'Ein Webservice-Architekturstil', 1, 38),
(151, 'Eine Programmiersprache', 0, 38),
(152, 'Eine Verschlüsselungsmethode', 0, 38),
(153, 'GET', 0, 39),
(154, 'POST', 0, 39),
(155, 'QUERY', 1, 39),
(156, 'PUT', 0, 39),
(157, 'Git', 1, 40),
(158, 'Docker', 0, 40),
(159, 'Apache', 0, 40),
(160, 'Nginx', 0, 40),
(161, 'O(n log n)', 1, 41),
(162, 'O(n^2)', 0, 41),
(163, 'O(log n)', 0, 41),
(164, 'O(n)', 0, 41),
(165, 'Python', 0, 42),
(166, 'C', 1, 42),
(167, 'Java', 0, 42),
(168, 'Rust', 0, 42),
(169, 'Konsistenz, Verfügbarkeit, Partitionstoleranz', 1, 43),
(170, 'Geschwindigkeit, Sicherheit, Skalierbarkeit', 0, 43),
(171, 'Reaktionszeit, Durchsatz, Latenz', 0, 43),
(172, 'Parallelität, Redundanz, Fehlertoleranz', 0, 43),
(173, 'Factory Pattern', 0, 44),
(174, 'Observer Pattern', 0, 44),
(175, 'Singleton Pattern', 1, 44),
(176, 'Prototype Pattern', 0, 44),
(177, 'Jeder Thread läuft unabhängig', 0, 45),
(178, 'Threads teilen sich denselben Speicher', 1, 45),
(179, 'Threads haben keine Synchronisationsprobleme', 0, 45),
(180, 'Threads sind nur in Java nutzbar', 0, 45),
(181, 'ROLLBACK', 0, 46),
(182, 'SAVEPOINT', 0, 46),
(183, 'COMMIT', 1, 46),
(184, 'CHECKPOINT', 0, 46),
(185, 'Reduzierung der Abhängigkeiten zwischen Modulen', 1, 47),
(186, 'Erhöhung der Laufzeit', 0, 47),
(187, 'Ersetzen von Modulen zur Kompilierzeit', 0, 47),
(188, 'Verhinderung von Multithreading', 0, 47),
(189, 'Garbage Collection', 1, 48),
(190, 'Memory Pooling', 0, 48),
(191, 'Pointer Management', 0, 48),
(192, 'Reference Counting', 0, 48),
(193, '200 OK', 0, 49),
(194, '301 Moved Permanently', 0, 49),
(195, '403 Forbidden', 0, 49),
(196, '401 Unauthorized', 1, 49),
(197, 'Verbesserung der Codequalität und Wartbarkeit', 1, 50),
(198, 'Reduzierung der Komplexität von Algorithmen', 0, 50),
(199, 'Erhöhung der Rechenleistung', 0, 50),
(200, 'Erstellung von Design Patterns', 0, 50),
(201, 'Key-Value Store', 0, 51),
(202, 'Dokumentorientierte Datenbank', 0, 51),
(203, 'Graph-Datenbank', 0, 51),
(204, 'Relationale Datenbank', 1, 51),
(205, 'Höhere CPU-Last', 0, 52),
(206, 'Fehlende Modularität', 0, 52),
(207, 'Komplexität der Service-Kommunikation', 1, 52),
(208, 'Geringe Skalierbarkeit', 0, 52),
(209, 'SHA-256', 1, 53),
(210, 'AES-128', 0, 53),
(211, 'MD5', 0, 53),
(212, 'RSA', 0, 53),
(213, 'ACID', 1, 54),
(214, 'BASE', 0, 54),
(215, 'CAP', 0, 54),
(216, 'NoSQL', 0, 54),
(217, 'OAuth', 1, 55),
(218, 'FTP', 0, 55),
(219, 'SMTP', 0, 55),
(220, 'UDP', 0, 55),
(221, 'Eine prioritätsbasierte Datenstruktur', 1, 56),
(222, 'Ein sequentielles Speichermodell', 0, 56),
(223, 'Ein Netzwerkprotokoll', 0, 56),
(224, 'Ein Interpreter', 0, 56),
(225, 'POST', 0, 57),
(226, 'DELETE', 0, 57),
(227, 'PUT', 1, 57),
(228, 'GET', 0, 57),
(229, 'Seiteneffekte', 0, 58),
(230, 'Mutierbare Zustände', 0, 58),
(231, 'First-Class Functions', 1, 58),
(232, 'Imperative Syntax', 0, 58),
(233, 'Atomarität, Konsistenz, Isolation, Dauerhaftigkeit', 1, 59),
(234, 'Authentifizierung, Caching, Indexierung, Distribution', 0, 59),
(235, 'Asynchronität, Concurrent, Isolation, Determinismus', 0, 59),
(236, 'Access, Cryptography, Integrity, Decoding', 0, 59),
(237, 'CI/CD', 1, 60),
(238, 'Scrum', 0, 60),
(239, 'Kanban', 0, 60),
(240, 'DevOps', 0, 60),
(241, 'Berlin', 0, 61),
(242, 'Madrid', 0, 61),
(243, 'Paris', 1, 61),
(244, 'Rom', 0, 61),
(245, '4', 0, 62),
(246, '5', 0, 62),
(247, '6', 0, 62),
(248, '7', 1, 62),
(249, 'Mars', 0, 63),
(250, 'Venus', 0, 63),
(251, 'Merkur', 1, 63),
(252, 'Jupiter', 0, 63),
(253, '3', 0, 64),
(254, '4', 1, 64),
(255, '5', 0, 64),
(256, '6', 0, 64),
(257, 'H2O', 1, 65),
(258, 'CO2', 0, 65),
(259, 'O2', 0, 65),
(260, 'NaCl', 0, 65),
(261, 'Astronomie', 0, 66),
(262, 'Meteorologie', 1, 66),
(263, 'Biologie', 0, 66),
(264, 'Geologie', 0, 66),
(265, 'Elefant', 0, 67),
(266, 'Blauwal', 1, 67),
(267, 'Giraffe', 0, 67),
(268, 'Nilpferd', 0, 67),
(269, 'Goethe', 0, 68),
(270, 'Schiller', 0, 68),
(271, 'Shakespeare', 1, 68),
(272, 'Kafka', 0, 68),
(273, 'USA', 0, 69),
(274, 'Indien', 1, 69),
(275, 'Russland', 0, 69),
(276, 'China', 0, 69),
(277, 'Rot, Weiß, Blau', 0, 70),
(278, 'Grün, Gelb, Blau', 0, 70),
(279, 'Schwarz, Rot, Gold', 1, 70),
(280, 'Schwarz, Weiß, Rot', 0, 70),
(281, '4', 0, 71),
(282, '6', 0, 71),
(283, '8', 1, 71),
(284, '10', 0, 71),
(285, 'Volt', 1, 72),
(286, 'Ampere', 0, 72),
(287, 'Watt', 0, 72),
(288, 'Ohm', 0, 72),
(289, 'Gold', 0, 73),
(290, 'Oxygen', 1, 73),
(291, 'Silber', 0, 73),
(292, 'Kohlenstoff', 0, 73),
(293, 'Ferkel', 0, 74),
(294, 'Küken', 0, 74),
(295, 'Welpe', 1, 74),
(296, 'Kalb', 0, 74),
(297, 'Indischer Ozean', 0, 75),
(298, 'Atlantischer Ozean', 0, 75),
(299, 'Pazifischer Ozean', 1, 75),
(300, 'Arktischer Ozean', 0, 75),
(301, 'Jahrhundertjahr', 0, 76),
(302, 'Schaltjahr', 1, 76),
(303, 'Kalenderjahr', 0, 76),
(304, 'Mondjahr', 0, 76),
(305, 'Barcelona', 0, 77),
(306, 'Madrid', 1, 77),
(307, 'Sevilla', 0, 77),
(308, 'Valencia', 0, 77),
(309, 'Tennis', 0, 78),
(310, 'Volleyball', 1, 78),
(311, 'Badminton', 0, 78),
(312, 'Handball', 0, 78),
(313, 'Schwarm', 0, 79),
(314, 'Herde', 0, 79),
(315, 'Rudel', 1, 79),
(316, 'Kolonie', 0, 79),
(317, '12', 0, 80),
(318, '24', 1, 80),
(319, '36', 0, 80),
(320, '48', 0, 80),
(321, 'Amazonas', 0, 81),
(322, 'Nil', 1, 81),
(323, 'Mississippi', 0, 81),
(324, 'Jangtse', 0, 81),
(325, 'Russland', 0, 82),
(326, 'Deutschland', 0, 82),
(327, 'China', 1, 82),
(328, 'Brasilien', 0, 82),
(329, 'Hamburg', 1, 83),
(330, 'München', 0, 83),
(331, 'Frankfurt', 0, 83),
(332, 'Berlin', 0, 83),
(333, 'Kohlenstoff', 0, 84),
(334, 'Wasserstoff', 0, 84),
(335, 'Sauerstoff', 1, 84),
(336, 'Stickstoff', 0, 84),
(337, '180', 0, 85),
(338, '206', 1, 85),
(339, '250', 0, 85),
(340, '320', 0, 85),
(341, 'Mars', 0, 86),
(342, 'Jupiter', 0, 86),
(343, 'Saturn', 1, 86),
(344, 'Neptun', 0, 86),
(345, 'Englisch', 0, 87),
(346, 'Spanisch', 0, 87),
(347, 'Mandarin', 1, 87),
(348, 'Hindi', 0, 87),
(349, 'Isaac Newton', 0, 88),
(350, 'Galileo Galilei', 0, 88),
(351, 'Nikola Tesla', 0, 88),
(352, 'Albert Einstein', 1, 88),
(353, 'Afrika', 1, 89),
(354, 'Europa', 0, 89),
(355, 'Asien', 0, 89),
(356, 'Südamerika', 0, 89),
(357, 'Atlantik', 0, 90),
(358, 'Pazifik', 1, 90),
(359, 'Indischer Ozean', 0, 90),
(360, 'Arktischer Ozean', 0, 90),
(361, '5', 0, 91),
(362, '6', 0, 91),
(363, '7', 1, 91),
(364, '8', 0, 91),
(365, 'Erde', 0, 92),
(366, 'Saturn', 0, 92),
(367, 'Jupiter', 1, 92),
(368, 'Neptun', 0, 92),
(369, 'Athen', 0, 93),
(370, 'Istanbul', 1, 93),
(371, 'Rom', 0, 93),
(372, 'Alexandria', 0, 93),
(373, 'Sauerstoff', 0, 94),
(374, 'Kohlenstoffdioxid', 0, 94),
(375, 'Stickstoff', 1, 94),
(376, 'Argon', 0, 94),
(377, 'Rocky Mountains', 0, 95),
(378, 'Alpen', 0, 95),
(379, 'Himalaya', 0, 95),
(380, 'Anden', 1, 95),
(381, 'Merkur', 0, 96),
(382, 'Mars', 1, 96),
(383, 'Venus', 0, 96),
(384, 'Saturn', 0, 96),
(385, 'Norwegen', 0, 97),
(386, 'Indonesien', 0, 97),
(387, 'Kanada', 0, 97),
(388, 'Schweden', 1, 97),
(389, 'Michelangelo', 0, 98),
(390, 'Rembrandt', 0, 98),
(391, 'Leonardo da Vinci', 1, 98),
(392, 'Van Gogh', 0, 98),
(393, 'Argentinien', 0, 99),
(394, 'Brasilien', 1, 99),
(395, 'Kolumbien', 0, 99),
(396, 'Peru', 0, 99),
(397, '3', 0, 100),
(398, '4', 0, 100),
(399, '5', 1, 100),
(400, '6', 0, 100),
(401, 'China', 0, 101),
(402, 'Indien', 1, 101),
(403, 'USA', 0, 101),
(404, 'Brasilien', 0, 101),
(405, 'Himalaya', 0, 102),
(406, 'Alpen', 0, 102),
(407, 'Rocky Mountains', 0, 102),
(408, 'Anden', 1, 102),
(409, 'Helium', 0, 103),
(410, 'Wasserstoff', 1, 103),
(411, 'Sauerstoff', 0, 103),
(412, 'Eisen', 0, 103),
(413, 'Marianengraben', 1, 104),
(414, 'Tonga-Graben', 0, 104),
(415, 'Puerto-Rico-Graben', 0, 104),
(416, 'Java-Graben', 0, 104),
(417, 'Russland', 0, 105),
(418, 'USA', 0, 105),
(419, 'Frankreich', 1, 105),
(420, 'Australien', 0, 105),
(421, 'Etruskerspitzmaus', 0, 106),
(422, 'Kolibri', 1, 106),
(423, 'Kaninchen', 0, 106),
(424, 'Fledermaus', 0, 106),
(425, 'Japan', 0, 107),
(426, 'Indonesien', 1, 107),
(427, 'USA', 0, 107),
(428, 'Italien', 0, 107),
(429, 'Die Bibel', 0, 108),
(430, 'Gilgamesch-Epos', 1, 108),
(431, 'Odyssee', 0, 108),
(432, 'Mahabharata', 0, 108),
(433, 'New York', 0, 109),
(434, 'Shanghai', 0, 109),
(435, 'Mumbai', 0, 109),
(436, 'Tokyo', 1, 109),
(437, 'Sahara', 0, 110),
(438, 'Gobi', 0, 110),
(439, 'Antarktis', 1, 110),
(440, 'Kalahari', 0, 110),
(441, 'Quecksilber', 1, 111),
(442, 'Blei', 0, 111),
(443, 'Aluminium', 0, 111),
(444, 'Zink', 0, 111),
(445, 'Jupiter', 0, 112),
(446, 'Neptun', 1, 112),
(447, 'Mars', 0, 112),
(448, 'Saturn', 0, 112),
(449, '13,8 Milliarden Jahre', 1, 113),
(450, '10,5 Milliarden Jahre', 0, 113),
(451, '15,2 Milliarden Jahre', 0, 113),
(452, '20 Milliarden Jahre', 0, 113),
(453, '-89,2 °C', 1, 114),
(454, '-100,3 °C', 0, 114),
(455, '-75,5 °C', 0, 114),
(456, '-93,0 °C', 0, 114),
(457, 'Rom', 0, 115),
(458, 'Athen', 0, 115),
(459, 'Jericho', 1, 115),
(460, 'Damaskus', 0, 115),
(461, 'Totes Meer', 1, 116),
(462, 'Mittelmeer', 0, 116),
(463, 'Rotes Meer', 0, 116),
(464, 'Schwarzes Meer', 0, 116),
(465, 'Blauwal', 0, 117),
(466, 'Riesensequoia', 0, 117),
(467, 'Great Barrier Reef', 0, 117),
(468, 'Pilz in Oregon', 1, 117),
(469, 'Bibliothek von Pergamon', 0, 118),
(470, 'Bibliothek von Alexandria', 1, 118),
(471, 'Bibliothek von Ephesos', 0, 118),
(472, 'Vatikanische Bibliothek', 0, 118),
(473, 'USA', 0, 119),
(474, 'Russland', 0, 119),
(475, 'Kanada', 1, 119),
(476, 'Australien', 0, 119),
(477, 'Englisch', 1, 120),
(478, 'Deutsch', 0, 120),
(479, 'Französisch', 0, 120),
(480, 'Mandarin', 0, 120),
(481, 'Betriebswirtschaftslehre', 1, 121),
(482, 'Bankwesen und Wirtschaftslehre', 0, 121),
(483, 'Bundeswirtschaftliches Lexikon', 0, 121),
(484, 'Buchhaltung und Warenlogistik', 0, 121),
(485, 'Gewinnmaximierung', 1, 122),
(486, 'Möglichst viele Mitarbeiter einstellen', 0, 122),
(487, 'Steuern sparen', 0, 122),
(488, 'Produktion vermeiden', 0, 122),
(489, 'Fixkosten', 1, 123),
(490, 'Variable Kosten', 0, 123),
(491, 'Marketingkosten', 0, 123),
(492, 'Steuern', 0, 123),
(493, 'Verkaufspreis', 1, 124),
(494, 'Lagerkosten', 0, 124),
(495, 'Produktionskosten', 0, 124),
(496, 'Fixkosten', 0, 124),
(497, 'Eine Gegenüberstellung von Vermögen und Schulden', 1, 125),
(498, 'Ein Dokument zur Umsatzsteuer', 0, 125),
(499, 'Eine Liste der Mitarbeitergehälter', 0, 125),
(500, 'Ein Marketing-Plan', 0, 125),
(501, 'Körperschaftsteuer', 1, 126),
(502, 'Mehrwertsteuer', 0, 126),
(503, 'Grundsteuer', 0, 126),
(504, 'Einkommensteuer', 0, 126),
(505, 'Einnahmen aus Verkäufen', 1, 127),
(506, 'Reingewinn', 0, 127),
(507, 'Investitionen', 0, 127),
(508, 'Kosten für Rohstoffe', 0, 127),
(509, 'GmbH', 1, 128),
(510, 'Inc.', 0, 128),
(511, 'LLC', 0, 128),
(512, 'Ltd.', 0, 128),
(513, 'Kunden gewinnen und binden', 1, 129),
(514, 'Buchhaltung führen', 0, 129),
(515, 'Steuern berechnen', 0, 129),
(516, 'Produktionskosten senken', 0, 129),
(517, 'Die Fähigkeit, Zahlungsverpflichtungen nachzukommen', 1, 130),
(518, 'Die Höhe des Eigenkapitals', 0, 130),
(519, 'Der Gewinn eines Unternehmens', 0, 130),
(520, 'Die Steuerlast eines Unternehmens', 0, 130),
(521, 'Eine Gruppe von potenziellen Kunden', 1, 131),
(522, 'Ein Finanzierungsmodell', 0, 131),
(523, 'Eine Mitarbeiterstruktur', 0, 131),
(524, 'Eine Unternehmensstrategie', 0, 131),
(525, 'Der Punkt, an dem Erlöse die Kosten decken', 1, 132),
(526, 'Der Punkt maximaler Gewinne', 0, 132),
(527, 'Das Jahresende eines Unternehmens', 0, 132),
(528, 'Der Zeitpunkt einer Unternehmensgründung', 0, 132),
(529, 'Produkt, Preis, Platzierung, Promotion', 1, 133),
(530, 'Steuern, Gehälter, Schulden, Werbung', 0, 133),
(531, 'Marketing, Buchhaltung, Personal, Verkauf', 0, 133),
(532, 'Produktionskosten, Absatz, Markt, Rohstoffe', 0, 133),
(533, 'Ein Konzept, wie ein Unternehmen Geld verdient', 1, 134),
(534, 'Eine Marketingstrategie', 0, 134),
(535, 'Eine Personalstruktur', 0, 134),
(536, 'Ein Steuerkonzept', 0, 134),
(537, 'Personal einstellen, entwickeln und motivieren', 1, 135),
(538, 'Unternehmen verkaufen', 0, 135),
(539, 'Steuerzahlungen verwalten', 0, 135),
(540, 'Produktionsprozesse optimieren', 0, 135),
(541, 'Brutto ist das Gehalt vor Abzügen, Netto nach Abzügen', 1, 136),
(542, 'Brutto ist das Nettogehalt mal zwei', 0, 136),
(543, 'Brutto ist weniger als Netto', 0, 136),
(544, 'Es gibt keinen Unterschied', 0, 136),
(545, 'Buchhaltung', 1, 137),
(546, 'Marketing', 0, 137),
(547, 'Produktion', 0, 137),
(548, 'Personalwesen', 0, 137),
(549, 'Ein Markt mit nur einem Anbieter', 1, 138),
(550, 'Ein Markt mit vielen Anbietern', 0, 138),
(551, 'Eine staatliche Regulierung', 0, 138),
(552, 'Eine Form der Preisgestaltung', 0, 138),
(553, 'Umsatz sind Einnahmen, Gewinn ist Umsatz minus Kosten', 1, 139),
(554, 'Umsatz und Gewinn sind identisch', 0, 139),
(555, 'Gewinn ist immer höher als Umsatz', 0, 139),
(556, 'Umsatz ist das Geld auf der Bank', 0, 139),
(557, 'Ein Teil des Gewinns, der an Aktionäre ausgeschüttet wird', 1, 140),
(558, 'Ein Steuerabzug', 0, 140),
(559, 'Ein monatliches Gehalt', 0, 140),
(560, 'Ein Geschäftskonto', 0, 140),
(561, 'Return on Investment', 1, 141),
(562, 'Rate of Inflation', 0, 141),
(563, 'Revenue over Income', 0, 141),
(564, 'Risk of Investment', 0, 141),
(565, 'Liquiditätsfluss', 1, 142),
(566, 'Gewinn vor Steuern', 0, 142),
(567, 'Umsatzwachstum', 0, 142),
(568, 'Steuerquote', 0, 142),
(569, 'Ein Markt mit wenigen Anbietern', 1, 143),
(570, 'Ein Markt mit nur einem Anbieter', 0, 143),
(571, 'Ein Markt mit vielen kleinen Anbietern', 0, 143),
(572, 'Ein Markt ohne Wettbewerb', 0, 143),
(573, 'Eigenkapitalrendite', 1, 144),
(574, 'Marktanteil', 0, 144),
(575, 'Kundenzufriedenheit', 0, 144),
(576, 'Liquiditätsrate', 0, 144),
(577, 'Die Kosten einer entgangenen Alternative', 1, 145),
(578, 'Die Kosten einer Kapitalerhöhung', 0, 145),
(579, 'Die Kosten einer Anleihe', 0, 145),
(580, 'Die Kosten von Steuern', 0, 145),
(581, 'Eigenkapital gehört dem Unternehmen, Fremdkapital muss zurückgezahlt werden', 1, 146),
(582, 'Fremdkapital hat keine Zinsen', 0, 146),
(583, 'Eigenkapital kann nicht investiert werden', 0, 146),
(584, 'Eigenkapital ist gleich Fremdkapital', 0, 146),
(585, 'Profit', 0, 147),
(586, 'Product', 1, 147),
(587, 'Place', 1, 147),
(588, 'Promotion', 1, 147),
(589, 'Liquiditätsengpässe', 1, 148),
(590, 'Gewinnwachstum', 0, 148),
(591, 'Steuersätze', 0, 148),
(592, 'Marktanalysen', 0, 148),
(593, 'Kapitalerhöhung', 1, 149),
(594, 'Kreditaufnahme', 0, 149),
(595, 'Leasing', 0, 149),
(596, 'Kurzfristige Verbindlichkeiten', 0, 149),
(597, 'Eine Planung für die Geschäftstätigkeit eines Unternehmens', 1, 150),
(598, 'Ein Jahresabschlussdokument', 0, 150),
(599, 'Ein Steuernachweis', 0, 150),
(600, 'Eine Marketingstrategie', 0, 150),
(601, 'Kostenführerschaft', 1, 151),
(602, 'Marktdominanz', 0, 151),
(603, 'Lohnkalkulation', 0, 151),
(604, 'Produktplatzierung', 0, 151),
(605, 'Earnings Before Interest and Taxes', 1, 152),
(606, 'Economic Benchmark in Trade', 0, 152),
(607, 'Earnings Balance and Income Tax', 0, 152),
(608, 'Equity Before Investment Turnover', 0, 152),
(609, 'Kostenvorteile durch höhere Produktion', 1, 153),
(610, 'Steuerliche Vorteile durch Outsourcing', 0, 153),
(611, 'Kostensenkung durch Unternehmensfusionen', 0, 153),
(612, 'Höhere Gehälter bei mehr Gewinn', 0, 153),
(613, 'Einkommensteuer', 1, 154),
(614, 'Mehrwertsteuer', 0, 154),
(615, 'Körperschaftsteuer', 0, 154),
(616, 'Gewerbesteuer', 0, 154),
(617, 'Variable Kosten ändern sich mit der Produktionsmenge, Fixkosten bleiben konstant', 1, 155),
(618, 'Variable Kosten bleiben konstant, Fixkosten ändern sich', 0, 155),
(619, 'Variable und fixe Kosten sind identisch', 0, 155),
(620, 'Fixkosten fallen nicht an', 0, 155),
(621, 'Vergleich mit anderen Unternehmen', 1, 156),
(622, 'Verkauf von Unternehmensanteilen', 0, 156),
(623, 'Einstellen neuer Mitarbeiter', 0, 156),
(624, 'Berechnung des Marktwerts', 0, 156),
(625, 'Steuerung und Kontrolle der Unternehmensleistung', 1, 157),
(626, 'Personalverwaltung', 0, 157),
(627, 'Steuererhebung', 0, 157),
(628, 'Produktdesign', 0, 157),
(629, 'Analyse von Stärken, Schwächen, Chancen und Risiken', 1, 158),
(630, 'Berechnung der Kapitalrendite', 0, 158),
(631, 'Steuerplanung', 0, 158),
(632, 'Produktdesign', 0, 158),
(633, 'Der Beitrag eines Produkts zur Deckung der Fixkosten', 1, 159),
(634, 'Die Höhe der Gewinnsteuer', 0, 159),
(635, 'Die Umsatzrendite', 0, 159),
(636, 'Die Kapitalquote', 0, 159),
(637, 'Sie zeigt die Rentabilität des investierten Kapitals', 1, 160),
(638, 'Sie zeigt die Steuerlast des Unternehmens', 0, 160),
(639, 'Sie misst die Mitarbeiterzufriedenheit', 0, 160),
(640, 'Sie bestimmt die Höhe der Fixkosten', 0, 160),
(641, 'Übernahme mit hohem Fremdkapitalanteil', 1, 161),
(642, 'Fusion zweier Unternehmen', 0, 161),
(643, 'Erhöhung des Eigenkapitals', 0, 161),
(644, 'Liquidation eines Unternehmens', 0, 161),
(645, 'Discounted Cash Flow', 1, 162),
(646, 'Lineare Abschreibung', 0, 162),
(647, 'Kapitalkostenrechnung', 0, 162),
(648, 'Bruttomarge', 0, 162),
(649, 'EBIT', 1, 163),
(650, 'Cashflow', 0, 163),
(651, 'Eigenkapitalquote', 0, 163),
(652, 'Break-Even-Point', 0, 163),
(653, 'Differenz aus kurzfristigem Vermögen und kurzfristigen Verbindlichkeiten', 1, 164),
(654, 'Unternehmensumsatz', 0, 164),
(655, 'Kapitalerhöhung', 0, 164),
(656, 'Eigenkapitalrendite', 0, 164),
(657, 'Monopson', 1, 165),
(658, 'Oligopol', 0, 165),
(659, 'Polypol', 0, 165),
(660, 'Monopol', 0, 165),
(661, 'Intrinsische Motivation kommt von innen, extrinsische durch äußere Anreize', 1, 166),
(662, 'Beide sind identisch', 0, 166),
(663, 'Extrinsische Motivation ist stärker als intrinsische', 0, 166),
(664, 'Nur extrinsische Motivation beeinflusst Leistung', 0, 166),
(665, 'Sie beschreibt die Zusammensetzung von Eigen- und Fremdkapital', 1, 167),
(666, 'Sie bestimmt den Unternehmensgewinn', 0, 167),
(667, 'Sie zeigt das Marktpotenzial', 0, 167),
(668, 'Sie ist identisch mit der Steuerlast', 0, 167),
(669, 'Eine detaillierte Prüfung eines Unternehmens vor einer Übernahme', 1, 168),
(670, 'Eine Form der Investitionsrechnung', 0, 168),
(671, 'Eine Finanzierungsstrategie', 0, 168),
(672, 'Ein Personalmanagementkonzept', 0, 168),
(673, 'NPV zeigt den Barwert zukünftiger Cashflows', 1, 169),
(674, 'NPV misst die Unternehmensgröße', 0, 169),
(675, 'NPV gibt die Steuerlast an', 0, 169),
(676, 'NPV berechnet den Eigenkapitalanteil', 0, 169),
(677, 'Höhere Rendite erfordert höheres Risiko', 1, 170),
(678, 'Rendite und Risiko sind unabhängig', 0, 170),
(679, 'Höheres Risiko führt immer zu Verlusten', 0, 170),
(680, 'Risiko ist nur im Bankensektor relevant', 0, 170),
(681, 'Eigenkapitalfinanzierung', 1, 171),
(682, 'Fremdkapitalfinanzierung', 0, 171),
(683, 'Leasing', 0, 171),
(684, 'Mezzanine-Kapital', 0, 171),
(685, 'Das Verhältnis zwischen Risiko und Überschussrendite', 1, 172),
(686, 'Die Liquiditätsreserve eines Unternehmens', 0, 172),
(687, 'Ein Maß für Umsatzsteigerung', 0, 172),
(688, 'Eine Methode zur Steuervermeidung', 0, 172),
(689, 'Black-Scholes-Modell', 1, 173),
(690, 'CAPM-Modell', 0, 173),
(691, 'EVA-Modell', 0, 173),
(692, 'Porter-Modell', 0, 173),
(693, 'Fokussierung auf den Unternehmenswert für Aktionäre', 1, 174),
(694, 'Maximierung der Mitarbeiterzufriedenheit', 0, 174),
(695, 'Ausschüttung aller Gewinne an Kunden', 0, 174),
(696, 'Ein Umweltmanagementkonzept', 0, 174),
(697, 'Zusammenschluss von zwei Unternehmen', 1, 175),
(698, 'Übernahme eines Unternehmens durch den Staat', 0, 175),
(699, 'Einstellung der Produktion', 0, 175),
(700, 'Reduzierung der Mitarbeiterzahl', 0, 175),
(701, 'Der immaterielle Unternehmenswert', 1, 176),
(702, 'Eine Steuerabgabe', 0, 176),
(703, 'Eine Kapitalrücklage', 0, 176),
(704, 'Der aktuelle Aktienkurs', 0, 176),
(705, 'Erhöhung der Eigenkapitalanforderungen für Banken', 1, 177),
(706, 'Steuererleichterungen für Unternehmen', 0, 177),
(707, 'Senkung der Unternehmenssteuern', 0, 177),
(708, 'Förderung von Investitionen', 0, 177),
(709, 'Erhöht die Eigenkapitalrendite durch Fremdfinanzierung', 1, 178),
(710, 'Verringert das Marktrisiko', 0, 178),
(711, 'Erhöht den Steueraufwand', 0, 178),
(712, 'Hat keinen Einfluss auf die Unternehmensbewertung', 0, 178),
(713, 'Messung des geschaffenen Mehrwerts für Kapitalgeber', 1, 179),
(714, 'Ermittlung der Bruttomarge', 0, 179),
(715, 'Berechnung des Umsatzwachstums', 0, 179),
(716, 'Bestimmung der Produktionskosten', 0, 179),
(717, 'Zeigt, ob eine Investition wertschaffend ist', 1, 180),
(718, 'Berechnet die Steuerlast', 0, 180),
(719, 'Bestimmt die Höhe der Dividenden', 0, 180),
(720, 'Misst den Cashflow', 0, 180),
(721, 'Informationstechnologie', 1, 181),
(722, 'Internet-Technik', 0, 181),
(723, 'Intelligente Technologie', 0, 181),
(724, 'Industrielle Telekommunikation', 0, 181),
(725, 'Steuerung von Hardware und Software', 1, 182),
(726, 'Internet bereitstellen', 0, 182),
(727, 'Daten speichern', 0, 182),
(728, 'Virenschutz', 0, 182),
(729, 'RAM', 1, 183),
(730, 'SSD', 0, 183),
(731, 'HDD', 0, 183),
(732, 'USB-Stick', 0, 183),
(733, 'Central Processing Unit', 1, 184),
(734, 'Computer Power Unit', 0, 184),
(735, 'Core Programming Unit', 0, 184),
(736, 'Central Protocol Utility', 0, 184),
(737, 'Grafikkarte', 0, 185),
(738, 'Tastatur', 0, 185),
(739, 'Maus', 0, 185),
(740, 'Webbrowser', 1, 185),
(741, 'Schutz vor unerwünschtem Datenverkehr', 1, 186),
(742, 'Speicherung von Passwörtern', 0, 186),
(743, 'Erhöhen der Internetgeschwindigkeit', 0, 186),
(744, 'Verhindern von Computerabstürzen', 0, 186),
(745, 'HDMI', 1, 187),
(746, 'USB', 0, 187),
(747, 'Ethernet', 0, 187),
(748, 'SATA', 0, 187),
(749, 'Aktive Programme und Daten', 1, 188),
(750, 'Langfristig gespeicherte Dateien', 0, 188),
(751, 'BIOS-Einstellungen', 0, 188),
(752, 'Internet-Cache', 0, 188),
(753, 'Windows', 1, 189),
(754, 'Microsoft Office', 0, 189),
(755, 'Photoshop', 0, 189),
(756, 'Chrome', 0, 189),
(757, 'Gigahertz (GHz)', 1, 190),
(758, 'Megabyte (MB)', 0, 190),
(759, 'Kilogramm (kg)', 0, 190),
(760, 'Lumen (lm)', 0, 190),
(761, 'Initialisierung der Hardware beim Start', 1, 191),
(762, 'Speicherung von Videos', 0, 191),
(763, 'Verwaltung von Benutzerkonten', 0, 191),
(764, 'Internetzugriff bereitstellen', 0, 191),
(765, 'Flash-Speicher', 1, 192),
(766, 'Optischer Speicher', 0, 192),
(767, 'Magnetischer Speicher', 0, 192),
(768, 'Dynamischer Speicher', 0, 192),
(769, 'JavaScript', 1, 193),
(770, 'C++', 0, 193),
(771, 'Python', 0, 193),
(772, 'Assembly', 0, 193),
(773, '.exe', 1, 194),
(774, '.txt', 0, 194),
(775, '.jpg', 0, 194),
(776, '.pdf', 0, 194),
(777, 'WLAN-Router', 1, 195),
(778, 'DVD-Laufwerk', 0, 195),
(779, 'USB-Stick', 0, 195),
(780, 'Maus', 0, 195),
(781, 'Speicherkapazität in Gigabyte oder Terabyte', 1, 196),
(782, 'Anzahl der CPU-Kerne', 0, 196),
(783, 'Internetgeschwindigkeit', 0, 196),
(784, 'Laufzeit des Akkus', 0, 196),
(785, 'Hypertext Transfer Protocol Secure', 1, 197),
(786, 'Hyperlink Transport Protocol Standard', 0, 197),
(787, 'Hybrid Text Transmission Protocol', 0, 197),
(788, 'Hosting Transfer Packet System', 0, 197),
(789, 'Ein Gerät zur Datenweiterleitung im Netzwerk', 1, 198),
(790, 'Ein Cloud-Speicher', 0, 198),
(791, 'Ein Antivirenprogramm', 0, 198),
(792, 'Eine Programmiersprache', 0, 198),
(793, '.docx', 1, 199),
(794, '.mp3', 0, 199),
(795, '.png', 0, 199),
(796, '.zip', 0, 199),
(797, 'Steuerung und Verwaltung der Hardware', 1, 200),
(798, 'Erstellen von Dokumenten', 0, 200),
(799, 'Wartung der Hardware', 0, 200),
(800, 'Speicherung von Passwörtern', 0, 200),
(801, 'RAM', 1, 201),
(802, 'SSD', 0, 201),
(803, 'HDD', 0, 201),
(804, 'USB-Stick', 0, 201),
(805, 'Die Hauptplatine eines Computers', 1, 202),
(806, 'Ein Speichertyp', 0, 202),
(807, 'Ein Betriebssystem', 0, 202),
(808, 'Ein Internetprotokoll', 0, 202),
(809, 'HTTP', 1, 203),
(810, 'FTP', 0, 203),
(811, 'SMTP', 0, 203),
(812, 'POP3', 0, 203),
(813, 'CPU-Cache', 1, 204),
(814, 'RAM', 0, 204),
(815, 'SSD', 0, 204),
(816, 'HDD', 0, 204),
(817, 'Eine eindeutige Adresse für Geräte in Netzwerken', 1, 205),
(818, 'Ein Speichertyp', 0, 205),
(819, 'Eine Festplattengröße', 0, 205),
(820, 'Ein Programmierbefehl', 0, 205),
(821, 'Ein virtuelles privates Netzwerk', 1, 206),
(822, 'Ein Antivirenprogramm', 0, 206),
(823, 'Ein Cloud-Speicher', 0, 206),
(824, 'Ein Routertyp', 0, 206),
(825, 'Linux', 1, 207),
(826, 'BIOS', 0, 207),
(827, 'HTML', 0, 207),
(828, 'USB', 0, 207),
(829, 'Redundant Array of Independent Disks', 1, 208),
(830, 'Rapid Access Integrated Device', 0, 208),
(831, 'Random Access Intelligent Disk', 0, 208),
(832, 'Remote Automated Internet Drive', 0, 208),
(833, 'Port 25', 1, 209),
(834, 'Port 80', 0, 209),
(835, 'Port 443', 0, 209),
(836, 'Port 21', 0, 209),
(837, 'SSD', 1, 210),
(838, 'RAM', 0, 210),
(839, 'CPU-Cache', 0, 210),
(840, 'Register', 0, 210),
(841, 'Sie hat keine beweglichen Teile', 1, 211),
(842, 'Sie hat mehr Speicherplatz', 0, 211),
(843, 'Sie benötigt mehr Strom', 0, 211),
(844, 'Sie verwendet optische Medien', 0, 211),
(845, 'ipconfig', 1, 212),
(846, 'ping', 0, 212),
(847, 'netstat', 0, 212),
(848, 'tracert', 0, 212),
(849, 'Er übersetzt Domainnamen in IP-Adressen', 1, 213),
(850, 'Er sichert Dateien im Internet', 0, 213),
(851, 'Er verwaltet Netzwerksicherheit', 0, 213),
(852, 'Er speichert Browserdaten', 0, 213),
(853, 'Mesh', 1, 214),
(854, 'Bus', 0, 214),
(855, 'Ring', 0, 214),
(856, 'Stern', 0, 214),
(857, 'Ein schneller Zwischenspeicher für Daten', 1, 215),
(858, 'Ein Cloud-Speicherdienst', 0, 215),
(859, 'Ein Datenbankmanagementsystem', 0, 215),
(860, 'Ein Netzwerkprotokoll', 0, 215),
(861, 'NTFS', 1, 216),
(862, 'FAT16', 0, 216),
(863, 'exFAT', 0, 216),
(864, 'HFS+', 0, 216),
(865, 'Eine physische Adresse einer Netzwerkkarte', 1, 217),
(866, 'Eine IP-Adresse', 0, 217),
(867, 'Eine Webadresse', 0, 217),
(868, 'Ein Speicherformat', 0, 217),
(869, 'Ein System zur Netzwerksicherheit', 1, 218),
(870, 'Ein Speichertyp', 0, 218),
(871, 'Ein Computerprogramm', 0, 218),
(872, 'Ein Cloud-Dienst', 0, 218),
(873, 'Wi-Fi 6 (802.11ax)', 1, 219),
(874, 'Wi-Fi 4 (802.11n)', 0, 219),
(875, 'Wi-Fi 5 (802.11ac)', 0, 219),
(876, 'Wi-Fi 3 (802.11g)', 0, 219),
(877, 'Uniform Resource Locator', 1, 220),
(878, 'Unique Routing Link', 0, 220),
(879, 'Universal Remote Login', 0, 220),
(880, 'User Registration List', 0, 220),
(881, 'CPU-Cache', 1, 221),
(882, 'RAM', 0, 221),
(883, 'SSD', 0, 221),
(884, 'HDD', 0, 221),
(885, 'Ein unbekannter Sicherheitsfehler, der aktiv ausgenutzt wird', 1, 222),
(886, 'Ein Fehler im Betriebssystem', 0, 222),
(887, 'Ein veraltetes Softwareupdate', 0, 222),
(888, 'Ein Angriff auf WLAN-Netzwerke', 0, 222),
(889, 'RSA', 1, 223),
(890, 'SHA-256', 0, 223),
(891, 'AES', 0, 223),
(892, 'MD5', 0, 223),
(893, 'Größerer Adressraum', 1, 224),
(894, 'Erhöhte Geschwindigkeit', 0, 224),
(895, 'Geringere Latenz', 0, 224),
(896, 'Mehr Ports für Router', 0, 224),
(897, 'Man-in-the-Middle', 1, 225),
(898, 'DDoS', 0, 225),
(899, 'SQL-Injection', 0, 225),
(900, 'Brute-Force', 0, 225),
(901, 'Software, die virtuelle Maschinen verwaltet', 1, 226),
(902, 'Ein neuer CPU-Typ', 0, 226),
(903, 'Ein Cloud-Speicherprotokoll', 0, 226),
(904, 'Ein Antivirenprogramm', 0, 226),
(905, 'Verteilung von Anfragen auf mehrere Server', 1, 227),
(906, 'Erhöhung der Netzwerksicherheit', 0, 227),
(907, 'Komprimierung von Daten', 0, 227),
(908, 'Verschlüsselung von Daten', 0, 227),
(909, 'TLS ersetzt SSL', 1, 228),
(910, 'TLS wird für WLAN-Sicherheit genutzt', 0, 228),
(911, 'TLS ist älter als SSL', 0, 228),
(912, 'TLS funktioniert nur mit IPv6', 0, 228),
(913, 'IPSec, OpenVPN', 1, 229),
(914, 'SMTP, FTP', 0, 229),
(915, 'POP3, IMAP', 0, 229),
(916, 'SNMP, ICMP', 0, 229),
(917, 'RAID 6', 1, 230),
(918, 'RAID 0', 0, 230),
(919, 'RAID 1', 0, 230),
(920, 'RAID 10', 0, 230),
(921, 'Täuschung von Nutzern zur Preisgabe von Daten', 1, 231),
(922, 'Ein Angriff auf Datenbanken', 0, 231),
(923, 'Eine DDoS-Attacke', 0, 231),
(924, 'Ein Fehler in Webanwendungen', 0, 231),
(925, 'Mesh', 1, 232),
(926, 'Stern', 0, 232),
(927, 'Bus', 0, 232),
(928, 'Ring', 0, 232),
(929, 'SQL nutzt relationale Tabellen, NoSQL nicht', 1, 233),
(930, 'SQL ist schneller als NoSQL', 0, 233),
(931, 'NoSQL unterstützt keine Indexierung', 0, 233),
(932, 'SQL ist nur für kleine Datenmengen geeignet', 0, 233),
(933, 'Port 443', 1, 234),
(934, 'Port 80', 0, 234),
(935, 'Port 25', 0, 234),
(936, 'Port 8080', 0, 234),
(937, 'SSH', 1, 235),
(938, 'Telnet', 0, 235),
(939, 'FTP', 0, 235),
(940, 'HTTP', 0, 235),
(941, 'Cross-Site Scripting (XSS)', 1, 236),
(942, 'DDoS', 0, 236),
(943, 'Man-in-the-Middle', 0, 236),
(944, 'Brute-Force', 0, 236),
(945, 'Ein Netzwerk infizierter Computer', 1, 237),
(946, 'Ein VPN-Protokoll', 0, 237),
(947, 'Ein Cloud-Speicher', 0, 237),
(948, 'Ein Verschlüsselungsalgorithmus', 0, 237),
(949, 'RAID', 0, 238),
(950, 'NVMe', 0, 238),
(951, 'RAMBUS', 0, 238),
(952, 'NUMA', 1, 238),
(953, 'AWS Lambda', 1, 239),
(954, 'Docker', 0, 239),
(955, 'VMware ESXi', 0, 239),
(956, 'Kubernetes', 0, 239),
(957, 'Docker', 1, 240),
(958, 'VMware', 0, 240),
(959, 'Hyper-V', 0, 240),
(960, 'Citrix Xen', 0, 240),
(961, 'Structured Query Language', 1, 241),
(962, 'Simple Query Language', 0, 241),
(963, 'Systematic Query Layer', 0, 241),
(964, 'Sequential Query Logic', 0, 241),
(965, 'MySQL', 1, 242),
(966, 'MongoDB', 0, 242),
(967, 'Redis', 0, 242),
(968, 'Neo4j', 0, 242),
(969, 'SELECT', 1, 243),
(970, 'INSERT', 0, 243),
(971, 'DELETE', 0, 243),
(972, 'UPDATE', 0, 243),
(973, 'PostgreSQL', 1, 244),
(974, 'OracleDB', 0, 244),
(975, 'Microsoft SQL Server', 0, 244),
(976, 'SAP HANA', 0, 244),
(977, 'Excel', 1, 245),
(978, 'PostgreSQL', 0, 245),
(979, 'MongoDB', 0, 245),
(980, 'Oracle', 0, 245),
(981, 'Er muss eindeutig sein', 1, 246),
(982, 'Er kann mehrfach in einer Tabelle vorkommen', 0, 246),
(983, 'Er enthält immer Textwerte', 0, 246),
(984, 'Er wird nie als ID verwendet', 0, 246),
(985, 'SQL', 1, 247),
(986, 'HTML', 0, 247),
(987, 'CSS', 0, 247),
(988, 'JavaScript', 0, 247),
(989, 'Eine Methode zur schnellen Suche nach Daten', 1, 248),
(990, 'Ein Tabellenname', 0, 248),
(991, 'Ein Primärschlüssel', 0, 248),
(992, 'Eine Funktion für mathematische Berechnungen', 0, 248),
(993, 'Relationale Datenbank', 1, 249),
(994, 'Graph-Datenbank', 0, 249),
(995, 'Key-Value-Datenbank', 0, 249),
(996, 'Dokumentenorientierte Datenbank', 0, 249),
(997, 'JOIN', 1, 250),
(998, 'SELECT', 0, 250),
(999, 'INSERT', 0, 250),
(1000, 'DELETE', 0, 250),
(1001, 'INSERT INTO', 1, 251),
(1002, 'SELECT INTO', 0, 251),
(1003, 'ALTER TABLE', 0, 251),
(1004, 'DROP TABLE', 0, 251),
(1005, 'MongoDB', 1, 252),
(1006, 'MySQL', 0, 252),
(1007, 'PostgreSQL', 0, 252),
(1008, 'Oracle', 0, 252),
(1009, 'CREATE TABLE', 1, 253),
(1010, 'ADD TABLE', 0, 253),
(1011, 'MAKE TABLE', 0, 253),
(1012, 'NEW TABLE', 0, 253),
(1013, 'MongoDB', 1, 254),
(1014, 'PostgreSQL', 0, 254),
(1015, 'OracleDB', 0, 254),
(1016, 'Microsoft SQL Server', 0, 254),
(1017, 'DROP TABLE', 1, 255),
(1018, 'DELETE TABLE', 0, 255),
(1019, 'REMOVE TABLE', 0, 255),
(1020, 'CLEAR TABLE', 0, 255),
(1021, 'Isolation', 1, 256),
(1022, 'Redundanz', 0, 256),
(1023, 'Geschwindigkeit', 0, 256),
(1024, 'Indexierung', 0, 256),
(1025, 'Datenkonsistenz', 1, 257),
(1026, 'Geringe Speichernutzung', 0, 257),
(1027, 'Höhere Geschwindigkeit als NoSQL', 0, 257),
(1028, 'Nur für kleine Datenmengen geeignet', 0, 257),
(1029, 'Ein Schlüssel, der sich auf einen Primärschlüssel einer anderen Tabelle bezieht', 1, 258),
(1030, 'Ein alternativer Primärschlüssel', 0, 258),
(1031, 'Eine Variable für Berechnungen', 0, 258),
(1032, 'Ein eindeutiger Index', 0, 258),
(1033, 'REMOVE', 1, 259),
(1034, 'SELECT', 0, 259),
(1035, 'UPDATE', 0, 259),
(1036, 'DELETE', 0, 259),
(1037, 'Ändert vorhandene Daten', 1, 260),
(1038, 'Löscht eine Tabelle', 0, 260),
(1039, 'Fügt eine neue Tabelle hinzu', 0, 260),
(1040, 'Erstellt eine Datenbank', 0, 260),
(1041, 'Datenredundanz minimieren', 1, 261),
(1042, 'Die Datenbank löschen', 0, 261),
(1043, 'Mehr Speicherplatz verbrauchen', 0, 261),
(1044, 'Indexierung deaktivieren', 0, 261),
(1045, 'ALTER TABLE', 1, 262),
(1046, 'MODIFY TABLE', 0, 262),
(1047, 'UPDATE TABLE', 0, 262),
(1048, 'CHANGE TABLE', 0, 262),
(1049, 'INNER JOIN', 0, 263),
(1050, 'LEFT JOIN', 0, 263),
(1051, 'FULL OUTER JOIN', 1, 263),
(1052, 'CROSS JOIN', 0, 263),
(1053, 'CHAR hat feste Länge, VARCHAR variable Länge', 1, 264),
(1054, 'CHAR ist größer als VARCHAR', 0, 264),
(1055, 'VARCHAR ist schneller als CHAR', 0, 264),
(1056, 'CHAR kann nur Zahlen speichern', 0, 264),
(1057, 'DROP TABLE', 1, 265),
(1058, 'DELETE TABLE', 0, 265),
(1059, 'REMOVE TABLE', 0, 265),
(1060, 'CLEAR TABLE', 0, 265),
(1061, 'Atomicity, Consistency, Isolation, Durability', 1, 266),
(1062, 'Automated, Centralized, Indexed, Distributed', 0, 266),
(1063, 'Advanced, Computed, Integrated, Defined', 0, 266),
(1064, 'Action, Control, Information, Data', 0, 266),
(1065, 'UPDATE', 1, 267),
(1066, 'ALTER', 0, 267),
(1067, 'MODIFY', 0, 267),
(1068, 'CHANGE', 0, 267),
(1069, 'Indexierung von Primärschlüsseln', 1, 268),
(1070, 'Erstellen einer neuen Tabelle', 0, 268),
(1071, 'Löschen von doppelten Daten', 0, 268),
(1072, 'Hinzufügen von Fremdschlüsseln', 0, 268),
(1073, 'Ein Zustand, in dem zwei oder mehr Transaktionen sich gegenseitig blockieren', 1, 269),
(1074, 'Eine schnelle SQL-Abfrage', 0, 269),
(1075, 'Ein Fehler in der Tabellenstruktur', 0, 269),
(1076, 'Eine Methode zur Datenkompression', 0, 269),
(1077, 'WHERE', 1, 270),
(1078, 'HAVING', 0, 270),
(1079, 'SET', 0, 270),
(1080, 'EXISTS', 0, 270),
(1081, 'COUNT(*)', 1, 271),
(1082, 'SUM()', 0, 271),
(1083, 'AVG()', 0, 271),
(1084, 'LIMIT()', 0, 271),
(1085, 'ALTER TABLE ADD COLUMN', 1, 272),
(1086, 'UPDATE TABLE ADD COLUMN', 0, 272),
(1087, 'MODIFY TABLE COLUMN', 0, 272),
(1088, 'CHANGE TABLE ADD', 0, 272),
(1089, 'MongoDB', 1, 273),
(1090, 'MySQL', 0, 273),
(1091, 'PostgreSQL', 0, 273),
(1092, 'Oracle', 0, 273),
(1093, 'Tabellen', 1, 274),
(1094, 'Bäume', 0, 274),
(1095, 'Stacks', 0, 274),
(1096, 'Listen', 0, 274),
(1097, 'Eine logische Einheit von SQL-Operationen', 1, 275),
(1098, 'Eine Datenbankversion', 0, 275),
(1099, 'Ein Indexierungsverfahren', 0, 275),
(1100, 'Eine Back-up-Methode', 0, 275),
(1101, 'Fremdschlüssel', 1, 276),
(1102, 'Primärschlüssel', 0, 276),
(1103, 'Sekundärschlüssel', 0, 276),
(1104, 'Superkey', 0, 276),
(1105, 'Wird für Aggregatfunktionen mit Bedingungen genutzt', 1, 277),
(1106, 'Wird für normale Bedingungen genutzt', 0, 277),
(1107, 'Wird für Joins genutzt', 0, 277),
(1108, 'Wird für Indexierung genutzt', 0, 277),
(1109, 'DISTINCT', 1, 278),
(1110, 'DELETE', 0, 278),
(1111, 'REMOVE', 0, 278),
(1112, 'UPDATE', 0, 278),
(1113, 'Ein Schlüssel, der aus mehreren Spalten besteht', 1, 279),
(1114, 'Ein einzelner Primärschlüssel', 0, 279),
(1115, 'Eine SQL-Funktion', 0, 279),
(1116, 'Ein Indexierungsverfahren', 0, 279),
(1117, 'Relationales Datenbankmodell', 1, 280),
(1118, 'Graph-Datenbankmodell', 0, 280),
(1119, 'Dokumentenbasiertes Datenbankmodell', 0, 280),
(1120, 'Key-Value-Datenbankmodell', 0, 280),
(1121, 'Ein verteiltes System mit mehreren Knoten', 1, 281),
(1122, 'Eine einfache lokale Datenbank', 0, 281),
(1123, 'Ein SQL-System mit erweiterten Indexen', 0, 281),
(1124, 'Eine In-Memory-Datenbank', 0, 281),
(1125, 'Schemafreie Datenhaltung', 1, 282),
(1126, 'Nur relationale Tabellen', 0, 282),
(1127, 'Keine Skalierbarkeit', 0, 282),
(1128, 'Nur lokale Nutzung', 0, 282),
(1129, 'Konsistenz, Verfügbarkeit und Partitionstoleranz', 1, 283),
(1130, 'Optimierung von Joins', 0, 283),
(1131, 'ACID-Prinzipien', 0, 283),
(1132, 'Indexierungsverfahren', 0, 283),
(1133, 'Datenaufteilung auf verschiedene Server', 1, 284),
(1134, 'Backup-Strategien', 0, 284),
(1135, 'Abfrageoptimierung', 0, 284),
(1136, 'Primärschlüssel-Zuweisung', 0, 284),
(1137, 'Graph-Datenbank', 1, 285),
(1138, 'Relationale Datenbank', 0, 285),
(1139, 'Key-Value Store', 0, 285),
(1140, 'Dokumentenbasierte Datenbank', 0, 285),
(1141, 'Atomarität, Konsistenz, Isolation, Dauerhaftigkeit', 1, 286),
(1142, 'Asynchrone Transaktionen', 0, 286),
(1143, 'Pessimistische Sperren', 0, 286),
(1144, 'Graphenbasierte Indizes', 0, 286),
(1145, 'B-Bäume', 1, 287),
(1146, 'Hashing', 0, 287),
(1147, 'Binäre Bäume', 0, 287),
(1148, 'Array-Indizes', 0, 287),
(1149, 'NoSQL', 1, 288),
(1150, 'Normalisierte Datenbanken', 0, 288),
(1151, 'Indexierte SQL-Tabellen', 0, 288),
(1152, 'OLAP-Würfel', 0, 288),
(1153, 'Eine gespeicherte Abfrage mit Materialisierung', 1, 289),
(1154, 'Eine dynamische View', 0, 289),
(1155, 'Ein temporärer Speicherbereich', 0, 289),
(1156, 'Ein Tabellenindex', 0, 289),
(1157, 'Inner Join', 1, 290),
(1158, 'Left Join', 0, 290),
(1159, 'Right Join', 0, 290),
(1160, 'Full Outer Join', 0, 290),
(1161, 'Reduzierung von Joins durch redundante Daten', 1, 291),
(1162, 'Erhöhte Normalisierung', 0, 291),
(1163, 'Mehrfaches Backup', 0, 291),
(1164, 'Redundanzeliminierung', 0, 291),
(1165, 'MongoDB', 1, 292),
(1166, 'PostgreSQL', 0, 292),
(1167, 'MySQL', 0, 292),
(1168, 'SQLite', 0, 292),
(1169, 'Schnellere Aggregatabfragen', 1, 293),
(1170, 'Bessere Speicherung von JSON-Daten', 0, 293),
(1171, 'Effizientere Joins', 0, 293),
(1172, 'Reduzierte Redundanz', 0, 293),
(1173, 'Indexierung', 1, 294),
(1174, 'Sharding', 0, 294),
(1175, 'Partitionierung', 0, 294),
(1176, 'Clustering', 0, 294),
(1177, 'Write-Ahead Logging', 1, 295),
(1178, 'Shadow Paging', 0, 295),
(1179, 'Rollback Segments', 0, 295),
(1180, 'Cold Backup', 0, 295),
(1181, 'Basic Availability, Soft State, Eventual Consistency', 1, 296),
(1182, 'Bessere ACID-Garantie', 0, 296),
(1183, 'Strikte Normalisierung', 0, 296),
(1184, 'Erhöhte Joins', 0, 296),
(1185, 'Datenverlust', 1, 297),
(1186, 'Höhere Index-Effizienz', 0, 297),
(1187, 'Bessere Performance', 0, 297),
(1188, 'Höhere Normalisierung', 0, 297),
(1189, 'Zirkuläre Sperren zwischen Transaktionen', 1, 298),
(1190, 'Optimale Speicherzuweisung', 0, 298),
(1191, 'Bessere Parallelverarbeitung', 0, 298),
(1192, 'Schnellere Indexerstellung', 0, 298),
(1193, 'Lock-Free Datenstrukturen', 1, 299),
(1194, 'Synchronisierte Schreibprozesse', 0, 299),
(1195, 'Nur ein einziger Schreibzugriff', 0, 299),
(1196, 'Nutzung von Stored Procedures', 0, 299),
(1197, 'Reorganisation von Indizes', 1, 300),
(1198, 'Clustered Indexe deaktivieren', 0, 300),
(1199, 'Primärschlüssel entfernen', 0, 300),
(1200, 'Normalisierung reduzieren', 0, 300),
(1201, 'H', 1, 301),
(1202, 'O', 0, 301),
(1203, 'He', 0, 301),
(1204, 'N', 0, 301),
(1205, '8', 0, 302),
(1206, '9', 0, 302),
(1207, '7', 0, 302),
(1208, '8', 1, 302),
(1209, 'Wasserstoff', 1, 303),
(1210, 'Helium', 0, 303),
(1211, 'Sauerstoff', 0, 303),
(1212, 'Kohlenstoff', 0, 303),
(1213, 'Albert Einstein', 1, 304),
(1214, 'Isaac Newton', 0, 304),
(1215, 'Nikola Tesla', 0, 304),
(1216, 'Galileo Galilei', 0, 304),
(1217, 'Volt', 1, 305),
(1218, 'Ampere', 0, 305),
(1219, 'Ohm', 0, 305),
(1220, 'Watt', 0, 305),
(1221, 'Merkur', 1, 306),
(1222, 'Venus', 0, 306),
(1223, 'Mars', 0, 306),
(1224, 'Jupiter', 0, 306),
(1225, 'Stickstoff', 1, 307),
(1226, 'Sauerstoff', 0, 307),
(1227, 'Kohlenstoffdioxid', 0, 307),
(1228, 'Helium', 0, 307),
(1229, 'Astronomie', 1, 308),
(1230, 'Biologie', 0, 308),
(1231, 'Physik', 0, 308),
(1232, 'Chemie', 0, 308),
(1233, 'Augen', 1, 309),
(1234, 'Ohren', 0, 309),
(1235, 'Nase', 0, 309),
(1236, 'Haut', 0, 309),
(1237, '7', 1, 310),
(1238, '5', 0, 310),
(1239, '6', 0, 310),
(1240, '8', 0, 310),
(1241, 'H2O', 1, 311),
(1242, 'CO2', 0, 311),
(1243, 'O2', 0, 311),
(1244, 'NaCl', 0, 311),
(1245, '46', 1, 312),
(1246, '23', 0, 312),
(1247, '44', 0, 312),
(1248, '48', 0, 312),
(1249, 'Blauwal', 1, 313),
(1250, 'Elefant', 0, 313),
(1251, 'Nilpferd', 0, 313),
(1252, 'Giraffe', 0, 313),
(1253, 'Meteorologie', 1, 314),
(1254, 'Geologie', 0, 314),
(1255, 'Astronomie', 0, 314),
(1256, 'Biologie', 0, 314),
(1257, 'Venus', 1, 315),
(1258, 'Merkur', 0, 315),
(1259, 'Mars', 0, 315),
(1260, 'Jupiter', 0, 315),
(1261, 'Grün', 1, 316),
(1262, 'Rot', 0, 316),
(1263, 'Blau', 0, 316),
(1264, 'Gelb', 0, 316),
(1265, 'Oberschenkelknochen', 1, 317),
(1266, 'Schienbein', 0, 317),
(1267, 'Oberarmknochen', 0, 317),
(1268, 'Rippenknochen', 0, 317),
(1269, 'Isaac Newton', 1, 318),
(1270, 'Albert Einstein', 0, 318),
(1271, 'Galileo Galilei', 0, 318),
(1272, 'Nikola Tesla', 0, 318),
(1273, 'Herz', 1, 319),
(1274, 'Leber', 0, 319),
(1275, 'Lunge', 0, 319),
(1276, 'Niere', 0, 319),
(1277, 'Zelle', 1, 320),
(1278, 'Atom', 0, 320),
(1279, 'Molekül', 0, 320),
(1280, 'Protein', 0, 320),
(1281, 'Stickstoff', 1, 321),
(1282, 'Sauerstoff', 0, 321),
(1283, 'Kohlenstoffdioxid', 0, 321),
(1284, 'Argon', 0, 321),
(1285, 'Joule', 1, 322),
(1286, 'Newton', 0, 322),
(1287, 'Watt', 0, 322),
(1288, 'Pascal', 0, 322),
(1289, '32', 1, 323),
(1290, '30', 0, 323),
(1291, '28', 0, 323),
(1292, '34', 0, 323),
(1293, 'Isaac Newton', 1, 324),
(1294, 'Albert Einstein', 0, 324),
(1295, 'Galileo Galilei', 0, 324),
(1296, 'Nikola Tesla', 0, 324),
(1297, '0 negativ', 1, 325),
(1298, 'A positiv', 0, 325),
(1299, 'AB positiv', 0, 325),
(1300, 'B negativ', 0, 325),
(1301, 'Leber', 1, 326),
(1302, 'Bauchspeicheldrüse', 0, 326),
(1303, 'Niere', 0, 326),
(1304, 'Milz', 0, 326),
(1305, 'Bauchspeicheldrüse', 1, 327),
(1306, 'Leber', 0, 327),
(1307, 'Niere', 0, 327),
(1308, 'Magen', 0, 327),
(1309, 'Cranium', 1, 328),
(1310, 'Mandibula', 0, 328),
(1311, 'Scapula', 0, 328),
(1312, 'Femur', 0, 328),
(1313, 'Steigbügel', 1, 329),
(1314, 'Hammer', 0, 329),
(1315, 'Amboss', 0, 329),
(1316, 'Schlüsselbein', 0, 329),
(1317, 'Kohlenstoffdioxid', 1, 330),
(1318, 'Sauerstoff', 0, 330),
(1319, 'Stickstoff', 0, 330),
(1320, 'Methan', 0, 330),
(1321, '4', 1, 331),
(1322, '2', 0, 331),
(1323, '3', 0, 331),
(1324, '5', 0, 331),
(1325, '1.0', 0, 332),
(1326, '0.9', 0, 332),
(1327, '1.2', 0, 332),
(1328, '0.998', 1, 332),
(1329, '23', 1, 333),
(1330, '22', 0, 333),
(1331, '24', 0, 333),
(1332, '25', 0, 333),
(1333, 'Elektromagnetische Wellen', 1, 334),
(1334, 'Schallwellen', 0, 334),
(1335, 'Wasserwellen', 0, 334),
(1336, 'Erdbebenwellen', 0, 334),
(1337, 'Vitamin D', 1, 335),
(1338, 'Vitamin C', 0, 335),
(1339, 'Vitamin B12', 0, 335),
(1340, 'Vitamin A', 0, 335),
(1341, 'Kohlenstoff', 1, 336),
(1342, 'Graphit', 0, 336),
(1343, 'Silikon', 0, 336),
(1344, 'Quarz', 0, 336),
(1345, 'Kohlenstoffdioxid', 1, 337),
(1346, 'Wasserdampf', 0, 337),
(1347, 'Methan', 0, 337),
(1348, 'Sauerstoff', 0, 337),
(1349, 'Verdampfung', 1, 338),
(1350, 'Sublimation', 0, 338),
(1351, 'Kondensation', 0, 338),
(1352, 'Gefrieren', 0, 338),
(1353, 'Gammastrahlen', 1, 339),
(1354, 'Röntgenstrahlen', 0, 339),
(1355, 'Mikrowellen', 0, 339),
(1356, 'Ultraviolettstrahlen', 0, 339),
(1357, 'Ischiasnerv', 1, 340),
(1358, 'Sehnerv', 0, 340),
(1359, 'Vagusnerv', 0, 340),
(1360, 'Facialnerv', 0, 340),
(1361, 'Die Entropie eines geschlossenen Systems nimmt immer zu', 1, 341),
(1362, 'Energie kann nicht erzeugt oder zerstört werden', 0, 341),
(1363, 'Druck und Volumen sind proportional', 0, 341),
(1364, 'Die Lichtgeschwindigkeit ist konstant', 0, 341),
(1365, 'Schwefelsäure', 0, 342),
(1366, 'Schwefeldioxid', 1, 342),
(1367, 'Kohlenmonoxid', 0, 342),
(1368, 'Methan', 0, 342),
(1369, 'Ort und Impuls eines Teilchens können nicht gleichzeitig exakt bestimmt werden', 1, 343),
(1370, 'Masse und Energie sind äquivalent', 0, 343),
(1371, 'Licht kann als Welle und Teilchen existieren', 0, 343),
(1372, 'Elektronen bewegen sich in festen Bahnen', 0, 343),
(1373, 'Ein Elementarteilchen, das Masse vermittelt', 1, 344),
(1374, 'Eine Antimaterieform von Elektronen', 0, 344),
(1375, 'Eine neue Form der Gravitation', 0, 344),
(1376, 'Ein Isotop von Helium', 0, 344),
(1377, 'Eine Kette von Aminosäuren', 1, 345),
(1378, 'Eine Doppelhelixstruktur', 0, 345),
(1379, 'Ein Kohlenhydratmolekül', 0, 345),
(1380, 'Ein Lipidmolekül', 0, 345),
(1381, 'Hippocampus', 1, 346),
(1382, 'Thalamus', 0, 346),
(1383, 'Kleinhirn', 0, 346),
(1384, 'Amygdala', 0, 346),
(1385, '2GM/c²', 1, 347),
(1386, 'E=mc²', 0, 347),
(1387, 'F=ma', 0, 347),
(1388, 'PV=nRT', 0, 347),
(1389, 'Archimedisches Prinzip', 1, 348),
(1390, 'Newtons drittes Gesetz', 0, 348),
(1391, 'Bernoulli-Gesetz', 0, 348),
(1392, 'Quantenmechanik', 0, 348),
(1393, 'Tritium', 1, 349),
(1394, 'Deuterium', 0, 349),
(1395, 'Protium', 0, 349),
(1396, 'Helium-3', 0, 349),
(1397, 'Schwache Wechselwirkung', 1, 350),
(1398, 'Starke Wechselwirkung', 0, 350),
(1399, 'Gravitation', 0, 350),
(1400, 'Elektromagnetismus', 0, 350),
(1401, 'Kein Elektron in einem Atom kann dieselben Quantenzahlen haben', 1, 351),
(1402, 'Energie kann nicht zerstört werden', 0, 351),
(1403, 'Jedes Teilchen hat eine Wellenfunktion', 0, 351),
(1404, 'Jeder Körper erfährt Gravitation', 0, 351),
(1405, 'Wasserstoff', 1, 352),
(1406, 'Helium', 0, 352),
(1407, 'Lithium', 0, 352),
(1408, 'Beryllium', 0, 352),
(1409, 'Ein Materiezustand nahe dem absoluten Nullpunkt', 1, 353),
(1410, 'Ein Plasma mit hoher Temperatur', 0, 353),
(1411, 'Eine Form von dunkler Materie', 0, 353),
(1412, 'Ein Isotop von Wasserstoff', 0, 353),
(1413, 'Photonen', 1, 354),
(1414, 'Elektronen', 0, 354),
(1415, 'Neutrinos', 0, 354),
(1416, 'Gluonen', 0, 354),
(1417, 'Mitochondrien', 1, 355),
(1418, 'Ribosomen', 0, 355),
(1419, 'Lysosomen', 0, 355),
(1420, 'Golgi-Apparat', 0, 355),
(1421, 'E=mc²', 1, 356),
(1422, 'F=ma', 0, 356),
(1423, 'PV=nRT', 0, 356),
(1424, 'ΔE=hv', 0, 356),
(1425, 'Die Frequenz einer Welle ändert sich mit der Bewegung der Quelle', 1, 357),
(1426, 'Licht wird durch Gravitationsfelder gebogen', 0, 357),
(1427, 'Elektronen können sich nicht in Kreisbahnen bewegen', 0, 357),
(1428, 'Schall benötigt ein Medium zur Ausbreitung', 0, 357),
(1429, 'Röntgenstrahlen', 1, 358),
(1430, 'Mikrowellen', 0, 358),
(1431, 'Gammastrahlen', 0, 358),
(1432, 'UV-Strahlen', 0, 358),
(1433, 'Hämoglobin', 1, 359),
(1434, 'Myoglobin', 0, 359),
(1435, 'ATP', 0, 359),
(1436, 'Glucose', 0, 359),
(1437, 'Verschränkte Teilchen beeinflussen sich instantan über beliebige Entfernungen', 1, 360),
(1438, 'Teilchen können gleichzeitig existieren und nicht existieren', 0, 360),
(1439, 'Quantenobjekte sind immer Teilchen und nie Wellen', 0, 360),
(1440, 'Ein Atom besteht nur aus Quarks', 0, 360);

-- --------------------------------------------------------

--
-- Tabellenstruktur für Tabelle `questions`
--

CREATE TABLE `questions` (
  `id` int(11) NOT NULL,
  `question` text NOT NULL,
  `category_id` int(11) DEFAULT NULL,
  `difficulty_id` int(11) DEFAULT NULL
) ENGINE=InnoDB DEFAULT CHARSET=utf8mb4 COLLATE=utf8mb4_general_ci;

--
-- Daten für Tabelle `questions`
--

INSERT INTO `questions` (`id`, `question`, `category_id`, `difficulty_id`) VALUES
(1, 'Was bedeutet HTML?', 1, 1),
(2, 'Welche Programmiersprache wird für Webentwicklung am häufigsten genutzt?', 1, 1),
(3, 'Was ist eine Variable in der Programmierung?', 1, 1),
(4, 'Welche Datei-Endung hat eine Datei mit einfachen Webinhalten?', 1, 1),
(5, 'Welche Programmiersprache wird hauptsächlich für Künstliche Intelligenz genutzt?', 1, 1),
(6, 'Was ist CSS?', 1, 1),
(7, 'Welches dieser Elemente gehört zu HTML?', 1, 1),
(8, 'Was bedeutet \"open-source\"?', 1, 1),
(9, 'Welche dieser Sprachen ist vollständig kompilierbar?', 1, 1),
(10, 'Welche Sprache wird für iOS-Apps genutzt?', 1, 1),
(11, 'Was macht ein Algorithmus?', 1, 1),
(12, 'Welches Unternehmen hat JavaScript entwickelt?', 1, 1),
(13, 'Was ist eine Schleife in der Programmierung?', 1, 1),
(14, 'Welche dieser Datenbanken ist relational?', 1, 1),
(15, 'Was ist Git?', 1, 1),
(16, 'Welche dieser Methoden gehört zu Arrays in JavaScript?', 1, 1),
(17, 'Was ist eine API?', 1, 1),
(18, 'Welche dieser Sprachen ist keine Programmiersprache?', 1, 1),
(19, 'Welche Sprache nutzt das Django-Framework?', 1, 1),
(20, 'Welcher der folgenden Begriffe gehört zur objektorientierten Programmierung?', 1, 1),
(21, 'Welche der folgenden ist KEINE Programmiersprache?', 1, 2),
(22, 'Was ist der Hauptzweck von SQL?', 1, 2),
(23, 'Welche dieser Sprachen ist typischerweise dynamisch typisiert?', 1, 2),
(24, 'Was ist der Unterschied zwischen HTTP und HTTPS?', 1, 2),
(25, 'Welche dieser Methoden wird für asynchrones Programmieren in JavaScript verwendet?', 1, 2),
(26, 'Was ist ein Compiler?', 1, 2),
(27, 'Welches der folgenden Konzepte gehört zur funktionalen Programmierung?', 1, 2),
(28, 'Was ist ein Framework?', 1, 2),
(29, 'Welches dieser Konzepte gehört zur objektorientierten Programmierung?', 1, 2),
(30, 'Was bedeutet DRY in der Softwareentwicklung?', 1, 2),
(31, 'Was ist ein Stack in der Informatik?', 1, 2),
(32, 'Welches der folgenden Konzepte gehört NICHT zu OOP?', 1, 2),
(33, 'Welche dieser Datenbanken ist eine NoSQL-Datenbank?', 1, 2),
(34, 'Was ist der Zweck von Docker?', 1, 2),
(35, 'Welche dieser Programmiersprachen wird hauptsächlich für maschinelles Lernen genutzt?', 1, 2),
(36, 'Welche dieser Algorithmen hat die geringste Zeitkomplexität für eine bereits sortierte Liste?', 1, 2),
(37, 'Welcher der folgenden Begriffe ist ein Entwurfsmuster?', 1, 2),
(38, 'Was ist REST?', 1, 2),
(39, 'Welche dieser Methoden ist KEIN HTTP-Request-Typ?', 1, 2),
(40, 'Welcher Teil der Softwareentwicklung ist für die Versionskontrolle zuständig?', 1, 2),
(41, 'Welche Big-O-Notation beschreibt die durchschnittliche Laufzeit von Quicksort?', 1, 3),
(42, 'Welche Programmiersprache wird primär für die Entwicklung von Betriebssystemkernen verwendet?', 1, 3),
(43, 'Was beschreibt das CAP-Theorem in der verteilten Systemarchitektur?', 1, 3),
(44, 'Welches Design-Pattern beschreibt die Steuerung des Zugriffs auf eine Ressource durch einen einzigen Punkt?', 1, 3),
(45, 'Welche der folgenden Aussagen trifft auf Multi-Threading zu?', 1, 3),
(46, 'Welches SQL-Statement wird genutzt, um eine Transaktion zu beenden und die Änderungen zu speichern?', 1, 3),
(47, 'Was ist der Hauptzweck von Dependency Injection in Softwarearchitektur?', 1, 3),
(48, 'Welche Speicherverwaltungstechnik verwendet die JVM zur Bereinigung nicht referenzierter Objekte?', 1, 3),
(49, 'Welcher HTTP-Statuscode gibt an, dass der Client authentifiziert werden muss?', 1, 3),
(50, 'Was ist der Zweck des SOLID-Prinzips in der Softwareentwicklung?', 1, 3),
(51, 'Welches Datenbankmodell ist für hochgradig relationale Daten optimal?', 1, 3),
(52, 'Was ist eine typische Herausforderung bei der Nutzung von Microservices?', 1, 3),
(53, 'Welcher Algorithmus wird oft für Hashing in kryptographischen Anwendungen verwendet?', 1, 3),
(54, 'Welches Konzept beschreibt die Isolation einer Transaktion von anderen gleichzeitig ausgeführten Transaktionen?', 1, 3),
(55, 'Welches Protokoll wird häufig für Authentifizierung mit Token verwendet?', 1, 3),
(56, 'Was ist ein Heap in der Informatik?', 1, 3),
(57, 'Welcher HTTP-Request-Methodentyp wird verwendet, um eine Ressource zu aktualisieren?', 1, 3),
(58, 'Welche der folgenden Eigenschaften ist typisch für funktionale Programmierung?', 1, 3),
(59, 'Was bedeutet ACID in Datenbanken?', 1, 3),
(60, 'Welcher Prozess in der Softwareentwicklung umfasst automatisierte Tests, Integration und Deployment?', 1, 3),
(61, 'Was ist die Hauptstadt von Frankreich?', 2, 1),
(62, 'Wie viele Kontinente gibt es auf der Erde?', 2, 1),
(63, 'Welcher Planet ist der Sonne am nächsten?', 2, 1),
(64, 'Wie viele Ecken hat ein Quadrat?', 2, 1),
(65, 'Was ist die chemische Formel für Wasser?', 2, 1),
(66, 'Wie nennt man die Wissenschaft des Wetters?', 2, 1),
(67, 'Welches Tier ist das größte Säugetier der Welt?', 2, 1),
(68, 'Wer schrieb das berühmte Stück \"Romeo und Julia\"?', 2, 1),
(69, 'Welches Land hat die größte Bevölkerung?', 2, 1),
(70, 'Welche Farben hat die deutsche Flagge?', 2, 1),
(71, 'Wie viele Beine hat eine Spinne?', 2, 1),
(72, 'Welche Einheit wird zur Messung von elektrischer Spannung verwendet?', 2, 1),
(73, 'Welches Element hat das chemische Symbol \"O\"?', 2, 1),
(74, 'Wie nennt man einen jungen Hund?', 2, 1),
(75, 'Welcher Ozean ist der größte?', 2, 1),
(76, 'Welches Jahr hat 366 Tage?', 2, 1),
(77, 'Was ist die Hauptstadt von Spanien?', 2, 1),
(78, 'Welche Sportart wird bei den Olympischen Spielen mit einem Ball auf einem Netz gespielt?', 2, 1),
(79, 'Wie nennt man eine Gruppe von Wölfen?', 2, 1),
(80, 'Wie viele Stunden hat ein Tag?', 2, 1),
(81, 'Welcher Fluss ist der längste der Welt?', 2, 2),
(82, 'Welches Land hat die meisten Nachbarländer?', 2, 2),
(83, 'Was ist die zweitgrößte Stadt in Deutschland nach Einwohnerzahl?', 2, 2),
(84, 'Welches chemische Element hat die Ordnungszahl 8?', 2, 2),
(85, 'Wie viele Knochen hat ein erwachsener Mensch?', 2, 2),
(86, 'Welcher Planet hat die meisten Monde?', 2, 2),
(87, 'Welche Sprache hat die meisten Muttersprachler weltweit?', 2, 2),
(88, 'Wer gilt als Erfinder der Relativitätstheorie?', 2, 2),
(89, 'Welcher Kontinent hat die meisten Länder?', 2, 2),
(90, 'Welcher Ozean ist der tiefste?', 2, 2),
(91, 'Wie viele Farben hat ein Regenbogen?', 2, 2),
(92, 'Was ist der größte Planet in unserem Sonnensystem?', 2, 2),
(93, 'Welche Stadt war früher als \"Byzanz\" bekannt?', 2, 2),
(94, 'Was ist das häufigste Element in der Erdatmosphäre?', 2, 2),
(95, 'Welches ist das längste Gebirge der Welt?', 2, 2),
(96, 'Welcher Planet ist als \"Roter Planet\" bekannt?', 2, 2),
(97, 'Welches Land hat die meisten Inseln?', 2, 2),
(98, 'Welcher Künstler schuf die Mona Lisa?', 2, 2),
(99, 'Was ist das meistgesprochene Land in Südamerika?', 2, 2),
(100, 'Wie viele Weltmeere gibt es?', 2, 2),
(101, 'Welches ist das bevölkerungsreichste Land der Welt im Jahr 2024?', 2, 3),
(102, 'Welche ist die längste Bergkette der Welt?', 2, 3),
(103, 'Welches chemische Element ist das häufigste im Universum?', 2, 3),
(104, 'Was ist der tiefste Punkt im Ozean?', 2, 3),
(105, 'Welches Land hat die meisten Zeitzonen?', 2, 3),
(106, 'Welches Tier hat den schnellsten Herzschlag?', 2, 3),
(107, 'Welches Land besitzt die meisten aktiven Vulkane?', 2, 3),
(108, 'Welches ist das älteste bekannte schriftliche Werk der Menschheit?', 2, 3),
(109, 'Welche Stadt hat die größte Einwohnerzahl weltweit?', 2, 3),
(110, 'Welche Wüste ist die größte der Welt?', 2, 3),
(111, 'Welches ist das einzige Metall, das bei Raumtemperatur flüssig ist?', 2, 3),
(112, 'Welcher Planet hat den stärksten Sturm im Sonnensystem?', 2, 3),
(113, 'Wie alt wird das Universum derzeit geschätzt?', 2, 3),
(114, 'Was ist die tiefste jemals gemessene Temperatur auf der Erde?', 2, 3),
(115, 'Welche ist die älteste kontinuierlich bewohnte Stadt der Welt?', 2, 3),
(116, 'Welches Meer ist das salzhaltigste der Welt?', 2, 3),
(117, 'Was ist das größte Lebewesen der Erde?', 2, 3),
(118, 'Welche berühmte Bibliothek wurde in der Antike zerstört?', 2, 3),
(119, 'Welches Land hat die längste Küstenlinie der Welt?', 2, 3),
(120, 'Welche Sprache hat die meisten Wörter?', 2, 3),
(121, 'Was bedeutet die Abkürzung BWL?', 3, 1),
(122, 'Was ist das Hauptziel eines Unternehmens?', 3, 1),
(123, 'Welche dieser Kosten fallen unabhängig von der Produktionsmenge an?', 3, 1),
(124, 'Wie nennt man den Preis, zu dem ein Unternehmen ein Produkt verkauft?', 3, 1),
(125, 'Was ist eine Bilanz?', 3, 1),
(126, 'Welche Steuer zahlt ein Unternehmen auf seinen Gewinn?', 3, 1),
(127, 'Was versteht man unter Umsatz?', 3, 1),
(128, 'Welche der folgenden Rechtsformen gibt es in Deutschland?', 3, 1),
(129, 'Was ist der Hauptzweck von Marketing?', 3, 1),
(130, 'Was versteht man unter Liquidität?', 3, 1),
(131, 'Was ist eine Zielgruppe im Marketing?', 3, 1),
(132, 'Was bedeutet \'Break-Even-Point\' in der BWL?', 3, 1),
(133, 'Welches dieser Elemente gehört zum Marketing-Mix?', 3, 1),
(134, 'Was ist ein Geschäftsmodell?', 3, 1),
(135, 'Was gehört zu den Hauptaufgaben des Personalmanagements?', 3, 1),
(136, 'Was ist der Unterschied zwischen Brutto- und Nettogehalt?', 3, 1),
(137, 'Welcher dieser Begriffe gehört zur Finanzbuchhaltung?', 3, 1),
(138, 'Was ist ein Monopol?', 3, 1),
(139, 'Was ist der Unterschied zwischen Umsatz und Gewinn?', 3, 1),
(140, 'Was ist eine Dividende?', 3, 1),
(141, 'Was bedeutet ROI in der Betriebswirtschaft?', 3, 2),
(142, 'Welcher der folgenden Begriffe beschreibt den Cashflow eines Unternehmens?', 3, 2),
(143, 'Was versteht man unter einem Oligopol?', 3, 2),
(144, 'Welche Finanzkennzahl misst die Rentabilität eines Unternehmens?', 3, 2),
(145, 'Was bedeutet der Begriff „Opportunitätskosten“?', 3, 2),
(146, 'Was ist der Unterschied zwischen Eigenkapital und Fremdkapital?', 3, 2),
(147, 'Was gehört nicht zu den 4 P’s des Marketing-Mix?', 3, 2),
(148, 'Welcher dieser Begriffe gehört zur Liquiditätsplanung?', 3, 2),
(149, 'Welche Finanzierungsart erhöht das Eigenkapital eines Unternehmens?', 3, 2),
(150, 'Was ist ein Businessplan?', 3, 2),
(151, 'Welche Strategie gehört zu den Wettbewerbsstrategien nach Porter?', 3, 2),
(152, 'Was bedeutet die Abkürzung EBIT?', 3, 2),
(153, 'Was versteht man unter Skaleneffekten?', 3, 2),
(154, 'Welche Steuer wird direkt vom Arbeitnehmer auf sein Einkommen gezahlt?', 3, 2),
(155, 'Was ist der Unterschied zwischen variablen und fixen Kosten?', 3, 2),
(156, 'Was bedeutet der Begriff „Benchmarking“ in der Betriebswirtschaft?', 3, 2),
(157, 'Welche Funktion hat das Controlling in einem Unternehmen?', 3, 2),
(158, 'Was ist eine SWOT-Analyse?', 3, 2),
(159, 'Welche Bedeutung hat der Deckungsbeitrag in der Kostenrechnung?', 3, 2),
(160, 'Welche Bedeutung hat die Kapitalrentabilität für ein Unternehmen?', 3, 2),
(161, 'Was versteht man unter einem Leveraged Buyout (LBO)?', 3, 3),
(162, 'Welches Bewertungsverfahren wird häufig zur Unternehmensbewertung genutzt?', 3, 3),
(163, 'Welche Finanzkennzahl misst die Ertragskraft eines Unternehmens unabhängig von Zinsen und Steuern?', 3, 3),
(164, 'Was bedeutet der Begriff \"Working Capital\"?', 3, 3),
(165, 'Welche Marktform beschreibt eine Situation mit einem einzigen Nachfrager und vielen Anbietern?', 3, 3),
(166, 'Was ist der Unterschied zwischen intrinsischer und extrinsischer Motivation in der Personalwirtschaft?', 3, 3),
(167, 'Welche Bedeutung hat die Kapitalstruktur eines Unternehmens?', 3, 3),
(168, 'Was ist eine Due-Diligence-Prüfung?', 3, 3),
(169, 'Welche Aussage trifft auf den Net Present Value (NPV) zu?', 3, 3),
(170, 'Welches finanzwirtschaftliche Prinzip beschreibt das Verhältnis von Rendite und Risiko?', 3, 3),
(171, 'Welche Finanzierungsform nutzt eine Kapitalerhöhung durch Ausgabe neuer Aktien?', 3, 3),
(172, 'Was beschreibt die Sharpe Ratio?', 3, 3),
(173, 'Welches Modell wird zur Berechnung von Optionspreisen genutzt?', 3, 3),
(174, 'Was ist ein Shareholder-Value-Ansatz?', 3, 3),
(175, 'Was versteht man unter einer Unternehmensfusion?', 3, 3),
(176, 'Was bedeutet der Begriff „Goodwill“ in der Bilanzierung?', 3, 3),
(177, 'Was ist der Zweck der Basel-III-Regulierungen?', 3, 3),
(178, 'Welche Rolle spielt der Leverage-Effekt in der Unternehmensfinanzierung?', 3, 3),
(179, 'Was bedeutet das EVA-Konzept (Economic Value Added)?', 3, 3),
(180, 'Welche Bedeutung hat der Kapitalwert in der Investitionsrechnung?', 3, 3),
(181, 'Was bedeutet die Abkürzung IT?', 4, 1),
(182, 'Was ist die grundlegende Funktion eines Betriebssystems?', 4, 1),
(183, 'Welche dieser Speicherarten verliert ihre Daten, wenn der Strom abgeschaltet wird?', 4, 1),
(184, 'Was bedeutet CPU?', 4, 1),
(185, 'Welche dieser Komponenten gehört NICHT zu einem Computer?', 4, 1),
(186, 'Was ist die Hauptfunktion einer Firewall?', 4, 1),
(187, 'Welche Schnittstelle wird häufig für Monitore verwendet?', 4, 1),
(188, 'Was speichert ein RAM-Speicher?', 4, 1),
(189, 'Welches ist ein Beispiel für ein Betriebssystem?', 4, 1),
(190, 'Welche Einheit wird zur Messung der Prozessorgeschwindigkeit genutzt?', 4, 1),
(191, 'Was ist der Hauptzweck eines BIOS?', 4, 1),
(192, 'Welche Art von Speicher ist ein USB-Stick?', 4, 1),
(193, 'Welche dieser Programmiersprachen wird häufig für Webentwicklung genutzt?', 4, 1),
(194, 'Welche dieser Erweiterungen kennzeichnet eine ausführbare Datei unter Windows?', 4, 1),
(195, 'Welche Hardware wird benötigt, um ein WLAN-Netzwerk zu nutzen?', 4, 1),
(196, 'Was beschreibt die Speicherkapazität einer Festplatte?', 4, 1),
(197, 'Was bedeutet HTTPS in einer Webadresse?', 4, 1),
(198, 'Was ist ein Router?', 4, 1),
(199, 'Welcher Dateityp wird für Textdokumente verwendet?', 4, 1),
(200, 'Welche Funktion hat ein Betriebssystem?', 4, 1),
(201, 'Welche Art von Speicher ist typischerweise schneller, aber flüchtig?', 4, 2),
(202, 'Was ist ein Motherboard?', 4, 2),
(203, 'Welches Protokoll wird zur Übertragung von Webseiten verwendet?', 4, 2),
(204, 'Welcher der folgenden Speicher hat die geringste Zugriffszeit?', 4, 2),
(205, 'Was ist eine IP-Adresse?', 4, 2),
(206, 'Was ist ein VPN?', 4, 2),
(207, 'Welche der folgenden ist ein Betriebssystem?', 4, 2),
(208, 'Was bedeutet RAID in der Datenspeicherung?', 4, 2),
(209, 'Welcher dieser Ports wird für E-Mails per SMTP verwendet?', 4, 2),
(210, 'Welche dieser Speicherarten ist nichtflüchtig?', 4, 2),
(211, 'Was macht eine SSD schneller als eine HDD?', 4, 2),
(212, 'Welcher Befehl wird in Windows verwendet, um die IP-Konfiguration anzuzeigen?', 4, 2),
(213, 'Was ist der Hauptzweck eines DNS-Servers?', 4, 2),
(214, 'Welche dieser Netzwerktopologien ist am widerstandsfähigsten gegen Ausfälle?', 4, 2),
(215, 'Was ist ein Cache?', 4, 2),
(216, 'Welches Dateisystem wird häufig auf Windows-Systemen verwendet?', 4, 2),
(217, 'Was ist ein MAC-Adresse?', 4, 2),
(218, 'Was ist eine Firewall?', 4, 2),
(219, 'Welcher WLAN-Standard bietet die höchste Übertragungsgeschwindigkeit?', 4, 2),
(220, 'Was bedeutet die Abkürzung URL?', 4, 2),
(221, 'Welche der folgenden Speichertechnologien bietet die höchste Geschwindigkeit?', 4, 3),
(222, 'Was ist ein Zero-Day-Exploit?', 4, 3),
(223, 'Welcher Algorithmus wird für asymmetrische Verschlüsselung verwendet?', 4, 3),
(224, 'Was ist der Hauptvorteil von IPv6 gegenüber IPv4?', 4, 3),
(225, 'Welcher dieser Angriffe basiert auf dem Abfangen von Netzwerkpaketen?', 4, 3),
(226, 'Was beschreibt der Begriff \"Hypervisor\" im Kontext der Virtualisierung?', 4, 3),
(227, 'Was ist der Hauptzweck eines Load Balancers?', 4, 3),
(228, 'Welche der folgenden Aussagen zu TLS ist korrekt?', 4, 3),
(229, 'Welche Protokolle werden für VPN-Verbindungen verwendet?', 4, 3),
(230, 'Welches RAID-Level bietet die beste Fehlertoleranz?', 4, 3),
(231, 'Was bedeutet der Begriff \"Phishing\"?', 4, 3),
(232, 'Welche Netzwerktopologie bietet die höchste Redundanz?', 4, 3),
(233, 'Was ist der Hauptunterschied zwischen SQL und NoSQL-Datenbanken?', 4, 3),
(234, 'Welcher Port wird für sichere HTTPS-Verbindungen verwendet?', 4, 3),
(235, 'Welches Protokoll wird häufig für den sicheren Remote-Zugriff auf Server verwendet?', 4, 3),
(236, 'Welche der folgenden Angriffe nutzt die Schwachstellen von Webanwendungen aus?', 4, 3),
(237, 'Was ist ein \"Botnet\"?', 4, 3),
(238, 'Welche dieser Speicherarchitekturen bietet parallelen Datenzugriff?', 4, 3),
(239, 'Welches der folgenden ist ein Beispiel für eine serverlose Computing-Plattform?', 4, 3),
(240, 'Welche Technologie wird für \"Containerisierung\" in der IT genutzt?', 4, 3),
(241, 'Was bedeutet SQL?', 5, 1),
(242, 'Welche der folgenden ist eine relationale Datenbank?', 5, 1),
(243, 'Welches ist ein typischer SQL-Befehl für das Abrufen von Daten?', 5, 1),
(244, 'Welche der folgenden Datenbanken ist Open-Source?', 5, 1),
(245, 'Welche der folgenden ist KEINE Datenbank?', 5, 1),
(246, 'Welche der folgenden Aussagen trifft auf Primärschlüssel zu?', 5, 1),
(247, 'Welche Sprache wird verwendet, um Datenbanken zu verwalten?', 5, 1),
(248, 'Was ist ein Index in einer Datenbank?', 5, 1),
(249, 'Welche Datenbankstruktur speichert Daten in Tabellen mit Zeilen und Spalten?', 5, 1),
(250, 'Welche der folgenden ist KEIN SQL-Befehl?', 5, 1),
(251, 'Welche SQL-Anweisung wird verwendet, um Daten in eine Tabelle einzufügen?', 5, 1),
(252, 'Welche Art von Datenbank speichert Daten als Dokumente?', 5, 1),
(253, 'Welche SQL-Anweisung wird verwendet, um eine Tabelle zu erstellen?', 5, 1),
(254, 'Welche Datenbank ist ein NoSQL-Datenbankmanagementsystem?', 5, 1),
(255, 'Welche SQL-Anweisung wird verwendet, um eine vorhandene Tabelle zu löschen?', 5, 1),
(256, 'Welche der folgenden ist eine ACID-Eigenschaft?', 5, 1),
(257, 'Welcher der folgenden ist ein Vorteil relationaler Datenbanken?', 5, 1),
(258, 'Was ist ein Fremdschlüssel?', 5, 1),
(259, 'Welche der folgenden ist KEINE SQL-Anweisung?', 5, 1),
(260, 'Welche Funktion hat der Befehl \"UPDATE\" in SQL?', 5, 1),
(261, 'Was ist der Hauptzweck von Normalisierung in einer Datenbank?', 5, 2),
(262, 'Welche SQL-Anweisung wird verwendet, um eine bestehende Tabelle zu ändern?', 5, 2),
(263, 'Welche Art von JOIN gibt alle Datensätze aus beiden Tabellen zurück, wenn es eine Übereinstimmung gibt?', 5, 2),
(264, 'Was ist der Unterschied zwischen CHAR und VARCHAR in SQL?', 5, 2),
(265, 'Welche SQL-Anweisung entfernt eine komplette Tabelle aus der Datenbank?', 5, 2),
(266, 'Was bedeutet die Abkürzung ACID in Bezug auf Datenbanken?', 5, 2),
(267, 'Welche der folgenden SQL-Anweisungen wird verwendet, um Daten zu aktualisieren?', 5, 2),
(268, 'Welche Indexierungsstrategie verbessert die Leistung von Suchvorgängen?', 5, 2),
(269, 'Was ist ein Deadlock in einer Datenbank?', 5, 2),
(270, 'Welche Schlüsselwort wird in SQL verwendet, um eine Bedingung in einer SELECT-Abfrage zu setzen?', 5, 2),
(271, 'Welche SQL-Anweisung zählt die Anzahl der Datensätze in einer Tabelle?', 5, 2),
(272, 'Welche SQL-Anweisung wird genutzt, um eine neue Spalte zu einer bestehenden Tabelle hinzuzufügen?', 5, 2),
(273, 'Welche der folgenden ist ein Beispiel für eine NoSQL-Datenbank?', 5, 2),
(274, 'Welche der folgenden Speicherstrukturen wird von relationalen Datenbanken genutzt?', 5, 2),
(275, 'Was ist eine Transaktion in einer Datenbank?', 5, 2),
(276, 'Welche der folgenden ist eine Form von referenzieller Integrität?', 5, 2),
(277, 'Welche Funktion hat der Befehl \"HAVING\" in SQL?', 5, 2),
(278, 'Welche SQL-Anweisung wird verwendet, um doppelte Werte aus einer Spalte zu entfernen?', 5, 2),
(279, 'Was ist ein Composite Key in einer Datenbank?', 5, 2),
(280, 'Welches dieser Datenbankmodelle verwendet Tabellen mit Zeilen und Spalten?', 5, 2),
(281, 'Was ist eine verteilte Datenbank?', 5, 3),
(282, 'Welche Eigenschaft zeichnet ein NoSQL-Datenbanksystem aus?', 5, 3),
(283, 'Welches Problem behandelt die CAP-Theorie?', 5, 3),
(284, 'Was bedeutet Sharding in der Datenbankverwaltung?', 5, 3),
(285, 'Welches Datenbankmodell nutzt Graphstrukturen?', 5, 3),
(286, 'Was ist eine ACID-Transaktion?', 5, 3),
(287, 'Welche Indexstruktur wird oft für relationale Datenbanken verwendet?', 5, 3),
(288, 'Welches Datenbankkonzept wird bei Big Data bevorzugt?', 5, 3),
(289, 'Was ist eine Materialized View?', 5, 3),
(290, 'Welcher Joins-Typ gibt nur übereinstimmende Datensätze zurück?', 5, 3),
(291, 'Was bedeutet „Denormalisierung“ in einer Datenbank?', 5, 3),
(292, 'Welches Datenbanksystem ist für seine dokumentenbasierte Struktur bekannt?', 5, 3),
(293, 'Was ist der Vorteil einer spaltenorientierten Datenbank?', 5, 3),
(294, 'Welche Technik wird zur Optimierung von Abfragen in großen Datenbanken genutzt?', 5, 3),
(295, 'Welche Methode dient zur Sicherung von Datenbankänderungen?', 5, 3),
(296, 'Was beschreibt die BASE-Theorie in NoSQL-Datenbanken?', 5, 3),
(297, 'Welches Problem kann bei einer inkonsistenten Datenbank auftreten?', 5, 3),
(298, 'Was ist ein Deadlock in Datenbanksystemen?', 5, 3),
(299, 'Welche Eigenschaft ermöglicht parallele Schreibzugriffe auf Datenbanken?', 5, 3),
(300, 'Welches Verfahren hilft bei der Optimierung von Datenbank-Indizes?', 5, 3),
(301, 'Welches ist das chemische Symbol für Wasserstoff?', 6, 1),
(302, 'Wie viele Planeten hat unser Sonnensystem?', 6, 1),
(303, 'Welches Element hat die Ordnungszahl 1?', 6, 1),
(304, 'Wer entwickelte die Relativitätstheorie?', 6, 1),
(305, 'Welche Einheit wird zur Messung von elektrischer Spannung verwendet?', 6, 1),
(306, 'Welcher Planet ist der Sonne am nächsten?', 6, 1),
(307, 'Welches Gas atmen wir hauptsächlich ein?', 6, 1),
(308, 'Wie nennt man die Wissenschaft, die sich mit dem Universum beschäftigt?', 6, 1),
(309, 'Welcher menschliche Sinn ist für das Sehen verantwortlich?', 6, 1),
(310, 'Wie viele Kontinente gibt es auf der Erde?', 6, 1),
(311, 'Was ist die chemische Formel für Wasser?', 6, 1),
(312, 'Wie viele Chromosomen hat ein Mensch?', 6, 1),
(313, 'Welches Tier ist das größte Säugetier der Welt?', 6, 1),
(314, 'Wie nennt man die Wissenschaft des Wetters?', 6, 1),
(315, 'Was ist der heißeste Planet in unserem Sonnensystem?', 6, 1),
(316, 'Welche Farbe hat Chlor?', 6, 1),
(317, 'Welcher Knochen ist der längste im menschlichen Körper?', 6, 1),
(318, 'Welcher Wissenschaftler entdeckte das Gravitationsgesetz?', 6, 1),
(319, 'Welches Organ ist für das Pumpen von Blut im Körper zuständig?', 6, 1),
(320, 'Was ist die kleinste Einheit des Lebens?', 6, 1),
(321, 'Welches Element ist das häufigste in der Erdatmosphäre?', 6, 2),
(322, 'Was ist die SI-Einheit für Energie?', 6, 2),
(323, 'Wie viele Zähne hat ein erwachsener Mensch normalerweise?', 6, 2),
(324, 'Welcher Wissenschaftler entwickelte die Gesetze der Bewegung?', 6, 2),
(325, 'Welche Blutgruppe gilt als Universalspender?', 6, 2),
(326, 'Was ist die größte Drüse im menschlichen Körper?', 6, 2),
(327, 'Welches Organ ist für die Produktion von Insulin verantwortlich?', 6, 2),
(328, 'Was ist der wissenschaftliche Name für den menschlichen Schädel?', 6, 2),
(329, 'Wie heißt das kleinste Knochen im menschlichen Körper?', 6, 2),
(330, 'Welches Gas wird bei der Photosynthese von Pflanzen aufgenommen?', 6, 2),
(331, 'Wie viele Herzklappen hat das menschliche Herz?', 6, 2),
(332, 'Was ist die Dichte von Wasser bei 4°C in g/cm³?', 6, 2),
(333, 'Wie viele Chromosomenpaare hat der Mensch?', 6, 2),
(334, 'Welche Art von Wellen benötigt kein Medium zur Ausbreitung?', 6, 2),
(335, 'Welches Vitamin wird in der Haut durch Sonnenlicht produziert?', 6, 2),
(336, 'Was ist der Hauptbestandteil von Diamanten?', 6, 2),
(337, 'Welche chemische Verbindung wird als Trockeneis bezeichnet?', 6, 2),
(338, 'Wie nennt man den Prozess der Umwandlung von Wasser in Dampf?', 6, 2),
(339, 'Welche Art von Strahlung hat die höchste Energie?', 6, 2),
(340, 'Wie heißt der größte Nerv im menschlichen Körper?', 6, 2),
(341, 'Was ist das zweite Gesetz der Thermodynamik?', 6, 3),
(342, 'Welche chemische Verbindung ist für den sauren Regen verantwortlich?', 6, 3),
(343, 'Was beschreibt die Heisenbergsche Unschärferelation?', 6, 3),
(344, 'Was ist das Higgs-Boson?', 6, 3),
(345, 'Welche chemische Struktur haben Proteine?', 6, 3),
(346, 'Welcher Teil des Gehirns ist für das Gedächtnis am wichtigsten?', 6, 3),
(347, 'Was ist die Schwarzschild-Radius-Formel für ein Schwarzes Loch?', 6, 3),
(348, 'Welches physikalische Prinzip beschreibt den Auftrieb von Schiffen?', 6, 3),
(349, 'Welches Isotop von Wasserstoff wird in der Kernfusion genutzt?', 6, 3),
(350, 'Welche der vier fundamentalen Wechselwirkungen ist für Radioaktivität verantwortlich?', 6, 3),
(351, 'Was besagt das Pauli-Prinzip?', 6, 3),
(352, 'Welches ist das leichteste Element im Periodensystem?', 6, 3),
(353, 'Was ist ein Bose-Einstein-Kondensat?', 6, 3),
(354, 'Welche Art von Teilchen vermitteln die elektromagnetische Kraft?', 6, 3),
(355, 'Welche Organellen sind für die Energieproduktion in der Zelle verantwortlich?', 6, 3),
(356, 'Wie lautet die Relativitätsgleichung von Einstein?', 6, 3),
(357, 'Was beschreibt der Doppler-Effekt?', 6, 3),
(358, 'Welche Art von Strahlung entsteht bei Elektronenübergängen in Atomen?', 6, 3),
(359, 'Welches Molekül transportiert Sauerstoff im Blut?', 6, 3),
(360, 'Was beschreibt die Quantenverschränkung?', 6, 3);

-- --------------------------------------------------------

--
-- Tabellenstruktur für Tabelle `userdata`
--

CREATE TABLE `userdata` (
  `id` int(11) NOT NULL,
  `username` varchar(255) NOT NULL,
  `score` int(11) NOT NULL,
  `date` timestamp NOT NULL DEFAULT current_timestamp()
) ENGINE=InnoDB DEFAULT CHARSET=utf8mb4 COLLATE=utf8mb4_general_ci;

--
-- Indizes der exportierten Tabellen
--

--
-- Indizes für die Tabelle `categories`
--
ALTER TABLE `categories`
  ADD PRIMARY KEY (`id`);

--
-- Indizes für die Tabelle `difficulties`
--
ALTER TABLE `difficulties`
  ADD PRIMARY KEY (`id`);

--
-- Indizes für die Tabelle `options`
--
ALTER TABLE `options`
  ADD PRIMARY KEY (`id`),
  ADD KEY `question_id` (`question_id`);

--
-- Indizes für die Tabelle `questions`
--
ALTER TABLE `questions`
  ADD PRIMARY KEY (`id`),
  ADD KEY `category_id` (`category_id`),
  ADD KEY `difficulty_id` (`difficulty_id`);

--
-- Indizes für die Tabelle `userdata`
--
ALTER TABLE `userdata`
  ADD PRIMARY KEY (`id`);

--
-- AUTO_INCREMENT für exportierte Tabellen
--

--
-- AUTO_INCREMENT für Tabelle `categories`
--
ALTER TABLE `categories`
  MODIFY `id` int(11) NOT NULL AUTO_INCREMENT, AUTO_INCREMENT=7;

--
-- AUTO_INCREMENT für Tabelle `difficulties`
--
ALTER TABLE `difficulties`
  MODIFY `id` int(11) NOT NULL AUTO_INCREMENT, AUTO_INCREMENT=4;

--
-- AUTO_INCREMENT für Tabelle `options`
--
ALTER TABLE `options`
  MODIFY `id` int(11) NOT NULL AUTO_INCREMENT, AUTO_INCREMENT=1441;

--
-- AUTO_INCREMENT für Tabelle `questions`
--
ALTER TABLE `questions`
  MODIFY `id` int(11) NOT NULL AUTO_INCREMENT, AUTO_INCREMENT=361;

--
-- AUTO_INCREMENT für Tabelle `userdata`
--
ALTER TABLE `userdata`
  MODIFY `id` int(11) NOT NULL AUTO_INCREMENT;

--
-- Constraints der exportierten Tabellen
--

--
-- Constraints der Tabelle `options`
--
ALTER TABLE `options`
  ADD CONSTRAINT `options_ibfk_1` FOREIGN KEY (`question_id`) REFERENCES `questions` (`id`);

--
-- Constraints der Tabelle `questions`
--
ALTER TABLE `questions`
  ADD CONSTRAINT `questions_ibfk_1` FOREIGN KEY (`category_id`) REFERENCES `categories` (`id`),
  ADD CONSTRAINT `questions_ibfk_2` FOREIGN KEY (`difficulty_id`) REFERENCES `difficulties` (`id`);
COMMIT;

/*!40101 SET CHARACTER_SET_CLIENT=@OLD_CHARACTER_SET_CLIENT */;
/*!40101 SET CHARACTER_SET_RESULTS=@OLD_CHARACTER_SET_RESULTS */;
/*!40101 SET COLLATION_CONNECTION=@OLD_COLLATION_CONNECTION */;
